lat,lon,score,place,url
43.84500455999998,-79.19926825999988,1,"16-24 Reesor Road, Toronto ON",https://www.walkscore.com/score/loc/lat=43.845005/lng=-79.199268
43.84500455999998,-79.17726825999988,3,"20 Beare Road, Toronto ON",https://www.walkscore.com/score/loc/lat=43.845005/lng=-79.177268
43.82300455999998,-79.30926825999991,87,Toronto ON,https://www.walkscore.com/score/loc/lat=43.823005/lng=-79.309268
43.82300455999998,-79.2872682599999,67,Toronto ON,https://www.walkscore.com/score/loc/lat=43.823005/lng=-79.287268
43.82300455999998,-79.2652682599999,72,"103 Shady Hollow Drive, Toronto ON",https://www.walkscore.com/score/loc/lat=43.823005/lng=-79.265268
43.82300455999998,-79.2432682599999,46,"870-980 Tapscott Rd, Toronto ON",https://www.walkscore.com/score/loc/lat=43.823005/lng=-79.243268
43.82300455999998,-79.22126825999989,53,Toronto ON,https://www.walkscore.com/score/loc/lat=43.823005/lng=-79.221268
43.82300455999998,-79.19926825999988,33,"260 Old Finch Avenue, Toronto ON",https://www.walkscore.com/score/loc/lat=43.823005/lng=-79.199268
43.82300455999998,-79.17726825999988,18,"1749 Meadowvale Road, Toronto ON",https://www.walkscore.com/score/loc/lat=43.823005/lng=-79.177268
43.80100455999998,-79.39726825999993,46,Toronto ON,https://www.walkscore.com/score/loc/lat=43.801005/lng=-79.397268
43.80100455999998,-79.37526825999993,40,"61 Yatesbury Road, Toronto ON",https://www.walkscore.com/score/loc/lat=43.801005/lng=-79.375268
43.80100455999998,-79.35326825999992,68,Toronto ON,https://www.walkscore.com/score/loc/lat=43.801005/lng=-79.353268
43.80100455999998,-79.33126825999992,72,Toronto ON,https://www.walkscore.com/score/loc/lat=43.801005/lng=-79.331268
43.80100455999998,-79.2872682599999,84,Toronto ON,https://www.walkscore.com/score/loc/lat=43.801005/lng=-79.287268
43.80100455999998,-79.2652682599999,72,Toronto ON,https://www.walkscore.com/score/loc/lat=43.801005/lng=-79.265268
43.80100455999998,-79.2432682599999,51,"2212-2220 Markham Road, Toronto ON",https://www.walkscore.com/score/loc/lat=43.801005/lng=-79.243268
43.80100455999998,-79.22126825999989,82,"120 Berner Trail, Toronto ON",https://www.walkscore.com/score/loc/lat=43.801005/lng=-79.221268
43.80100455999998,-79.19926825999988,78,Toronto ON,https://www.walkscore.com/score/loc/lat=43.801005/lng=-79.199268
43.80100455999998,-79.17726825999988,44,Toronto ON,https://www.walkscore.com/score/loc/lat=43.801005/lng=-79.177268
43.80100455999998,-79.15526825999987,43,Toronto ON,https://www.walkscore.com/score/loc/lat=43.801005/lng=-79.155268
43.80100455999998,-79.13326825999987,24,"523 Rouge Hills Drive, Pickering ON",https://www.walkscore.com/score/loc/lat=43.801005/lng=-79.133268
43.77900455999998,-79.48526825999996,49,"601 Canarctic Drive, Toronto ON",https://www.walkscore.com/score/loc/lat=43.779005/lng=-79.485268
43.77900455999998,-79.46326825999995,12,"Unnamed Rd, Toronto ON",https://www.walkscore.com/score/loc/lat=43.779005/lng=-79.463268
43.77900455999998,-79.44126825999994,73,"24 Kenton Drive, Toronto ON",https://www.walkscore.com/score/loc/lat=43.779005/lng=-79.441268
43.77900455999998,-79.41926825999994,96,Toronto ON,https://www.walkscore.com/score/loc/lat=43.779005/lng=-79.419268
43.77900455999998,-79.39726825999993,49,Toronto ON,https://www.walkscore.com/score/loc/lat=43.779005/lng=-79.397268
43.77900455999998,-79.37526825999993,32,Toronto ON,https://www.walkscore.com/score/loc/lat=43.779005/lng=-79.375268
43.77900455999998,-79.35326825999992,79,"9 Esterbrooke Avenue, Toronto ON",https://www.walkscore.com/score/loc/lat=43.779005/lng=-79.353268
43.77900455999998,-79.33126825999992,86,Toronto ON,https://www.walkscore.com/score/loc/lat=43.779005/lng=-79.331268
43.77900455999998,-79.30926825999991,82,Toronto ON,https://www.walkscore.com/score/loc/lat=43.779005/lng=-79.309268
43.77900455999998,-79.2872682599999,81,Toronto ON,https://www.walkscore.com/score/loc/lat=43.779005/lng=-79.287268
43.77900455999998,-79.2652682599999,77,"Ontario 401 Express, Toronto ON",https://www.walkscore.com/score/loc/lat=43.779005/lng=-79.265268
43.77900455999998,-79.2432682599999,85,Toronto ON,https://www.walkscore.com/score/loc/lat=43.779005/lng=-79.243268
43.77900455999998,-79.19926825999988,48,"9 Neilson Road, Toronto ON",https://www.walkscore.com/score/loc/lat=43.779005/lng=-79.199268
43.77900455999998,-79.17726825999988,68,"237 Old Kingston Road, Toronto ON",https://www.walkscore.com/score/loc/lat=43.779005/lng=-79.177268
43.77900455999998,-79.15526825999987,37,Toronto ON,https://www.walkscore.com/score/loc/lat=43.779005/lng=-79.155268
43.77900455999998,-79.13326825999987,71,Toronto ON,https://www.walkscore.com/score/loc/lat=43.779005/lng=-79.133268
43.757004559999984,-79.59526825999998,66,"17 Plowshare Crescent, Toronto ON",https://www.walkscore.com/score/loc/lat=43.757005/lng=-79.595268
43.757004559999984,-79.57326825999998,70,Toronto ON,https://www.walkscore.com/score/loc/lat=43.757005/lng=-79.573268
43.757004559999984,-79.55126825999997,57,"111 Toryork Drive, Toronto ON",https://www.walkscore.com/score/loc/lat=43.757005/lng=-79.551268
43.757004559999984,-79.52926825999997,58,"Ontario 400, Toronto ON",https://www.walkscore.com/score/loc/lat=43.757005/lng=-79.529268
43.757004559999984,-79.50726825999996,70,"55 Topcliff Avenue, Toronto ON",https://www.walkscore.com/score/loc/lat=43.757005/lng=-79.507268
43.757004559999984,-79.48526825999996,71,Toronto ON,https://www.walkscore.com/score/loc/lat=43.757005/lng=-79.485268
43.757004559999984,-79.46326825999995,83,Toronto ON,https://www.walkscore.com/score/loc/lat=43.757005/lng=-79.463268
43.757004559999984,-79.44126825999994,84,Toronto ON,https://www.walkscore.com/score/loc/lat=43.757005/lng=-79.441268
43.757004559999984,-79.41926825999994,77,Toronto ON,https://www.walkscore.com/score/loc/lat=43.757005/lng=-79.419268
43.757004559999984,-79.39726825999993,45,Toronto ON,https://www.walkscore.com/score/loc/lat=43.757005/lng=-79.397268
43.757004559999984,-79.37526825999993,42,Toronto ON,https://www.walkscore.com/score/loc/lat=43.757005/lng=-79.375268
43.757004559999984,-79.35326825999992,69,"23 Lesmill Road, Toronto ON",https://www.walkscore.com/score/loc/lat=43.757005/lng=-79.353268
43.757004559999984,-79.33126825999992,58,"27 Sagebrush Lane, Toronto ON",https://www.walkscore.com/score/loc/lat=43.757005/lng=-79.331268
43.757004559999984,-79.30926825999991,87,Toronto ON,https://www.walkscore.com/score/loc/lat=43.757005/lng=-79.309268
43.757004559999984,-79.2872682599999,74,"75 Bergen Road, Toronto ON",https://www.walkscore.com/score/loc/lat=43.757005/lng=-79.287268
43.757004559999984,-79.2652682599999,78,Toronto ON,https://www.walkscore.com/score/loc/lat=43.757005/lng=-79.265268
43.757004559999984,-79.2432682599999,79,"12 Benadair Court, Toronto ON",https://www.walkscore.com/score/loc/lat=43.757005/lng=-79.243268
43.757004559999984,-79.22126825999989,85,Toronto ON,https://www.walkscore.com/score/loc/lat=43.757005/lng=-79.221268
43.757004559999984,-79.19926825999988,57,"3 Kingston Road, Toronto ON",https://www.walkscore.com/score/loc/lat=43.757005/lng=-79.199268
43.757004559999984,-79.17726825999988,28,Toronto ON,https://www.walkscore.com/score/loc/lat=43.757005/lng=-79.177268
43.735004559999986,-79.61726825999999,61,"6897 Finch Avenue West, Toronto ON",https://www.walkscore.com/score/loc/lat=43.735005/lng=-79.617268
43.735004559999986,-79.59526825999998,78,Toronto ON,https://www.walkscore.com/score/loc/lat=43.735005/lng=-79.595268
43.735004559999986,-79.57326825999998,36,"20 Hardwood Gate, Toronto ON",https://www.walkscore.com/score/loc/lat=43.735005/lng=-79.573268
43.735004559999986,-79.55126825999997,58,"Humber River Recreational Trail, Toronto ON",https://www.walkscore.com/score/loc/lat=43.735005/lng=-79.551268
43.735004559999986,-79.52926825999997,59,Toronto ON,https://www.walkscore.com/score/loc/lat=43.735005/lng=-79.529268
43.735004559999986,-79.50726825999996,61,"77 Giltspur Drive, Toronto ON",https://www.walkscore.com/score/loc/lat=43.735005/lng=-79.507268
43.735004559999986,-79.48526825999996,75,"2956 Keele Street, Toronto ON",https://www.walkscore.com/score/loc/lat=43.735005/lng=-79.485268
43.735004559999986,-79.46326825999995,62,Toronto ON,https://www.walkscore.com/score/loc/lat=43.735005/lng=-79.463268
43.735004559999986,-79.44126825999994,86,Toronto ON,https://www.walkscore.com/score/loc/lat=43.735005/lng=-79.441268
43.735004559999986,-79.41926825999994,94,Toronto ON,https://www.walkscore.com/score/loc/lat=43.735005/lng=-79.419268
43.735004559999986,-79.39726825999993,36,"160 Teddington Park Avenue, Toronto ON",https://www.walkscore.com/score/loc/lat=43.735005/lng=-79.397268
43.735004559999986,-79.37526825999993,19,Toronto ON,https://www.walkscore.com/score/loc/lat=43.735005/lng=-79.375268
43.735004559999986,-79.35326825999992,88,"3 Tremont Crescent, Toronto ON",https://www.walkscore.com/score/loc/lat=43.735005/lng=-79.353268
43.735004559999986,-79.33126825999992,43,"Don Valley Parkway, Toronto ON",https://www.walkscore.com/score/loc/lat=43.735005/lng=-79.331268
43.735004559999986,-79.30926825999991,83,Toronto ON,https://www.walkscore.com/score/loc/lat=43.735005/lng=-79.309268
43.735004559999986,-79.2872682599999,71,"6 Crockford Boulevard, Toronto ON",https://www.walkscore.com/score/loc/lat=43.735005/lng=-79.287268
43.735004559999986,-79.2652682599999,83,Toronto ON,https://www.walkscore.com/score/loc/lat=43.735005/lng=-79.265268
43.735004559999986,-79.2432682599999,79,Toronto ON,https://www.walkscore.com/score/loc/lat=43.735005/lng=-79.243268
43.735004559999986,-79.22126825999989,80,Toronto ON,https://www.walkscore.com/score/loc/lat=43.735005/lng=-79.221268
43.71300455999999,-79.59526825999998,21,"Grandstand Entrance Road, Toronto ON",https://www.walkscore.com/score/loc/lat=43.713005/lng=-79.595268
43.71300455999999,-79.57326825999998,59,"200 Rexdale Blvd, Toronto ON",https://www.walkscore.com/score/loc/lat=43.713005/lng=-79.573268
43.71300455999999,-79.55126825999997,75,Toronto ON,https://www.walkscore.com/score/loc/lat=43.713005/lng=-79.551268
43.71300455999999,-79.52926825999997,68,"325 Pellatt Avenue, Toronto ON",https://www.walkscore.com/score/loc/lat=43.713005/lng=-79.529268
43.71300455999999,-79.50726825999996,74,Toronto ON,https://www.walkscore.com/score/loc/lat=43.713005/lng=-79.507268
43.71300455999999,-79.48526825999996,58,"371 Maple Leaf Drive, Toronto ON",https://www.walkscore.com/score/loc/lat=43.713005/lng=-79.485268
43.71300455999999,-79.46326825999995,71,Toronto ON,https://www.walkscore.com/score/loc/lat=43.713005/lng=-79.463268
43.71300455999999,-79.44126825999994,73,Toronto ON,https://www.walkscore.com/score/loc/lat=43.713005/lng=-79.441268
43.71300455999999,-79.41926825999994,53,Toronto ON,https://www.walkscore.com/score/loc/lat=43.713005/lng=-79.419268
43.71300455999999,-79.39726825999993,95,Toronto ON,https://www.walkscore.com/score/loc/lat=43.713005/lng=-79.397268
43.71300455999999,-79.37526825999993,91,Toronto ON,https://www.walkscore.com/score/loc/lat=43.713005/lng=-79.375268
43.71300455999999,-79.35326825999992,67,Toronto ON,https://www.walkscore.com/score/loc/lat=43.713005/lng=-79.353268
43.71300455999999,-79.33126825999992,83,"71-85 Gateway Blvd, Toronto ON",https://www.walkscore.com/score/loc/lat=43.713005/lng=-79.331268
43.71300455999999,-79.30926825999991,89,Toronto ON,https://www.walkscore.com/score/loc/lat=43.713005/lng=-79.309268
43.71300455999999,-79.2872682599999,65,"37 Rockelm Road, Toronto ON",https://www.walkscore.com/score/loc/lat=43.713005/lng=-79.287268
43.71300455999999,-79.2652682599999,74,Toronto ON,https://www.walkscore.com/score/loc/lat=43.713005/lng=-79.265268
43.71300455999999,-79.2432682599999,77,"111 Chine Drive, Toronto ON",https://www.walkscore.com/score/loc/lat=43.713005/lng=-79.243268
43.69100455999999,-79.59526825999998,39,Toronto ON,https://www.walkscore.com/score/loc/lat=43.691005/lng=-79.595268
43.69100455999999,-79.57326825999998,66,"585 Dixon Road, Toronto ON",https://www.walkscore.com/score/loc/lat=43.691005/lng=-79.573268
43.69100455999999,-79.55126825999997,63,Toronto ON,https://www.walkscore.com/score/loc/lat=43.691005/lng=-79.551268
43.69100455999999,-79.52926825999997,75,Toronto ON,https://www.walkscore.com/score/loc/lat=43.691005/lng=-79.529268
43.69100455999999,-79.50726825999996,61,Toronto ON,https://www.walkscore.com/score/loc/lat=43.691005/lng=-79.507268
43.69100455999999,-79.48526825999996,56,"28-38 Todd Baylis Blvd, Toronto ON",https://www.walkscore.com/score/loc/lat=43.691005/lng=-79.485268
43.69100455999999,-79.46326825999995,84,Toronto ON,https://www.walkscore.com/score/loc/lat=43.691005/lng=-79.463268
43.69100455999999,-79.44126825999994,91,Toronto ON,https://www.walkscore.com/score/loc/lat=43.691005/lng=-79.441268
43.69100455999999,-79.41926825999994,79,Toronto ON,https://www.walkscore.com/score/loc/lat=43.691005/lng=-79.419268
43.69100455999999,-79.39726825999993,95,Toronto ON,https://www.walkscore.com/score/loc/lat=43.691005/lng=-79.397268
43.69100455999999,-79.37526825999993,51,Toronto ON,https://www.walkscore.com/score/loc/lat=43.691005/lng=-79.375268
43.69100455999999,-79.35326825999992,88,Toronto ON,https://www.walkscore.com/score/loc/lat=43.691005/lng=-79.353268
43.69100455999999,-79.33126825999992,90,Toronto ON,https://www.walkscore.com/score/loc/lat=43.691005/lng=-79.331268
43.69100455999999,-79.30926825999991,89,Toronto ON,https://www.walkscore.com/score/loc/lat=43.691005/lng=-79.309268
43.69100455999999,-79.2872682599999,94,"20 Wakehood Street, Toronto ON",https://www.walkscore.com/score/loc/lat=43.691005/lng=-79.287268
43.69100455999999,-79.2652682599999,77,Toronto ON,https://www.walkscore.com/score/loc/lat=43.691005/lng=-79.265268
43.66900455999999,-79.57326825999998,26,Toronto ON,https://www.walkscore.com/score/loc/lat=43.669005/lng=-79.573268
43.66900455999999,-79.55126825999997,54,Toronto ON,https://www.walkscore.com/score/loc/lat=43.669005/lng=-79.551268
43.66900455999999,-79.52926825999997,44,"417-425 The Kingsway, Toronto ON",https://www.walkscore.com/score/loc/lat=43.669005/lng=-79.529268
43.66900455999999,-79.50726825999996,14,"100 Scarlett Rd, Toronto ON",https://www.walkscore.com/score/loc/lat=43.669005/lng=-79.507268
43.66900455999999,-79.48526825999996,87,Toronto ON,https://www.walkscore.com/score/loc/lat=43.669005/lng=-79.485268
43.66900455999999,-79.44126825999994,89,Toronto ON,https://www.walkscore.com/score/loc/lat=43.669005/lng=-79.441268
43.66900455999999,-79.41926825999994,94,Toronto ON,https://www.walkscore.com/score/loc/lat=43.669005/lng=-79.419268
43.66900455999999,-79.39726825999993,99,"50 Prince Arthur Avenue, Toronto ON",https://www.walkscore.com/score/loc/lat=43.669005/lng=-79.397268
43.66900455999999,-79.37526825999993,97,Toronto ON,https://www.walkscore.com/score/loc/lat=43.669005/lng=-79.375268
43.66900455999999,-79.35326825999992,91,Toronto ON,https://www.walkscore.com/score/loc/lat=43.669005/lng=-79.353268
43.66900455999999,-79.33126825999992,94,Toronto ON,https://www.walkscore.com/score/loc/lat=43.669005/lng=-79.331268
43.66900455999999,-79.30926825999991,94,Toronto ON,https://www.walkscore.com/score/loc/lat=43.669005/lng=-79.309268
43.64700455999999,-79.59526825999998,30,"550 Centennial Park Boulevard, Toronto ON",https://www.walkscore.com/score/loc/lat=43.647005/lng=-79.595268
43.64700455999999,-79.57326825999998,74,Toronto ON,https://www.walkscore.com/score/loc/lat=43.647005/lng=-79.573268
43.64700455999999,-79.55126825999997,70,Toronto ON,https://www.walkscore.com/score/loc/lat=43.647005/lng=-79.551268
43.64700455999999,-79.52926825999997,93,Toronto ON,https://www.walkscore.com/score/loc/lat=43.647005/lng=-79.529268
43.64700455999999,-79.50726825999996,94,Toronto ON,https://www.walkscore.com/score/loc/lat=43.647005/lng=-79.507268
43.64700455999999,-79.48526825999996,94,Toronto ON,https://www.walkscore.com/score/loc/lat=43.647005/lng=-79.485268
43.64700455999999,-79.46326825999995,71,"1873 Bloor Street West, Toronto ON",https://www.walkscore.com/score/loc/lat=43.647005/lng=-79.463268
43.64700455999999,-79.44126825999994,93,Toronto ON,https://www.walkscore.com/score/loc/lat=43.647005/lng=-79.441268
43.64700455999999,-79.41926825999994,100,"145 Ossington Avenue, Toronto ON",https://www.walkscore.com/score/loc/lat=43.647005/lng=-79.419268
43.64700455999999,-79.39726825999993,100,Toronto ON,https://www.walkscore.com/score/loc/lat=43.647005/lng=-79.397268
43.64700455999999,-79.37526825999993,99,"5 Scott Street, Toronto ON",https://www.walkscore.com/score/loc/lat=43.647005/lng=-79.375268
43.64700455999999,-79.35326825999992,60,Toronto ON,https://www.walkscore.com/score/loc/lat=43.647005/lng=-79.353268
43.64700455999999,-79.33126825999992,23,"444-600 Unwin Avenue, Toronto ON",https://www.walkscore.com/score/loc/lat=43.647005/lng=-79.331268
43.625004559999994,-79.55126825999997,49,"138-148 The East Mall, Toronto ON",https://www.walkscore.com/score/loc/lat=43.625005/lng=-79.551268
43.625004559999994,-79.52926825999997,62,"15 N Queen St, Toronto ON",https://www.walkscore.com/score/loc/lat=43.625005/lng=-79.529268
43.625004559999994,-79.50726825999996,91,Toronto ON,https://www.walkscore.com/score/loc/lat=43.625005/lng=-79.507268
43.625004559999994,-79.48526825999996,81,Toronto ON,https://www.walkscore.com/score/loc/lat=43.625005/lng=-79.485268
43.625004559999994,-79.39726825999993,5,"Unnamed Rd, Toronto ON",https://www.walkscore.com/score/loc/lat=43.625005/lng=-79.397268
43.625004559999994,-79.37526825999993,14,"61 Centre Island Dock, Toronto ON",https://www.walkscore.com/score/loc/lat=43.625005/lng=-79.375268
43.603004559999995,-79.55126825999997,81,Toronto ON,https://www.walkscore.com/score/loc/lat=43.603005/lng=-79.551268
43.603004559999995,-79.52926825999997,63,Toronto ON,https://www.walkscore.com/score/loc/lat=43.603005/lng=-79.529268
43.603004559999995,-79.50726825999996,87,Toronto ON,https://www.walkscore.com/score/loc/lat=43.603005/lng=-79.507268
43.3,-79.79500000000002,6,"888 Lakeshore Court, Burlington ON",https://www.walkscore.com/score/loc/lat=43.300000/lng=-79.795000
43.3,-79.86500000000001,25,"321 Gardenview Drive, Burlington ON",https://www.walkscore.com/score/loc/lat=43.300000/lng=-79.865000
43.3,-79.72500000000002,0,"232 Green Street, Burlington ON",https://www.walkscore.com/score/loc/lat=43.300000/lng=-79.725000
43.3,-79.83000000000001,1,"273 North Shore Boulevard East, Hamilton ON",https://www.walkscore.com/score/loc/lat=43.300000/lng=-79.830000
43.3,-79.69000000000003,0,Hamilton ON,https://www.walkscore.com/score/loc/lat=43.300000/lng=-79.690000
43.3,-79.9,12,"Plains Road West, Burlington ON",https://www.walkscore.com/score/loc/lat=43.300000/lng=-79.900000
43.3,-79.62000000000003,0,Hamilton ON,https://www.walkscore.com/score/loc/lat=43.300000/lng=-79.620000
43.3,-79.65500000000003,0,Hamilton ON,https://www.walkscore.com/score/loc/lat=43.300000/lng=-79.655000
43.3,-79.55000000000004,0,"Hunter Road, Grimsby ON",https://www.walkscore.com/score/loc/lat=43.300000/lng=-79.550000
43.3,-79.51500000000004,0,Lincoln ON,https://www.walkscore.com/score/loc/lat=43.300000/lng=-79.515000
43.3,-79.48000000000005,0,Lincoln ON,https://www.walkscore.com/score/loc/lat=43.300000/lng=-79.480000
43.3,-79.44500000000005,0,Lincoln ON,https://www.walkscore.com/score/loc/lat=43.300000/lng=-79.445000
43.3,-79.41000000000005,0,Lincoln ON,https://www.walkscore.com/score/loc/lat=43.300000/lng=-79.410000
43.3,-79.34000000000006,0,"Welland Canals Parkway, St. Catharines ON",https://www.walkscore.com/score/loc/lat=43.300000/lng=-79.340000
43.3,-79.27000000000007,0,St. Catharines ON,https://www.walkscore.com/score/loc/lat=43.300000/lng=-79.270000
43.3,-79.37500000000006,0,Lincoln ON,https://www.walkscore.com/score/loc/lat=43.300000/lng=-79.375000
43.3,-79.30500000000006,0,St. Catharines ON,https://www.walkscore.com/score/loc/lat=43.300000/lng=-79.305000
43.3,-79.23500000000007,0,St. Catharines ON,https://www.walkscore.com/score/loc/lat=43.300000/lng=-79.235000
43.3,-79.16500000000008,0,Niagara-on-the-Lake ON,https://www.walkscore.com/score/loc/lat=43.300000/lng=-79.165000
43.3,-79.13000000000008,0,"George Nicholson Memorial Trail, St. Catharines ON",https://www.walkscore.com/score/loc/lat=43.300000/lng=-79.130000
43.3,-79.20000000000007,0,St. Catharines ON,https://www.walkscore.com/score/loc/lat=43.300000/lng=-79.200000
43.3,-79.06000000000009,0,Youngstown NY,https://www.walkscore.com/score/loc/lat=43.300000/lng=-79.060000
43.3,-78.9900000000001,0,Ransomville NY,https://www.walkscore.com/score/loc/lat=43.300000/lng=-78.990000
43.334999999999994,-79.86500000000001,3,"1890 King Road, Burlington ON",https://www.walkscore.com/score/loc/lat=43.335000/lng=-79.865000
43.3,-78.9200000000001,0,Hopkins Beach NY,https://www.walkscore.com/score/loc/lat=43.300000/lng=-78.920000
43.3,-78.9550000000001,0,Ransomville NY,https://www.walkscore.com/score/loc/lat=43.300000/lng=-78.955000
43.3,-79.02500000000009,0,Youngstown NY,https://www.walkscore.com/score/loc/lat=43.300000/lng=-79.025000
43.334999999999994,-79.9,86,"100 Hamilton Street North, Hamilton ON",https://www.walkscore.com/score/loc/lat=43.335000/lng=-79.900000
43.334999999999994,-79.79500000000002,64,"563 Bridgman Avenue, Burlington ON",https://www.walkscore.com/score/loc/lat=43.335000/lng=-79.795000
43.334999999999994,-79.72500000000002,0,Burlington ON,https://www.walkscore.com/score/loc/lat=43.335000/lng=-79.725000
43.334999999999994,-79.69000000000003,0,Burlington ON,https://www.walkscore.com/score/loc/lat=43.335000/lng=-79.690000
43.334999999999994,-79.83000000000001,11,"Queen Elizabeth Way, Burlington ON",https://www.walkscore.com/score/loc/lat=43.335000/lng=-79.830000
43.334999999999994,-79.76000000000002,2,"138 Breckondale Court, Burlington ON",https://www.walkscore.com/score/loc/lat=43.335000/lng=-79.760000
43.334999999999994,-79.65500000000003,0,Oakville ON,https://www.walkscore.com/score/loc/lat=43.335000/lng=-79.655000
43.334999999999994,-79.58500000000004,0,Oakville ON,https://www.walkscore.com/score/loc/lat=43.335000/lng=-79.585000
43.334999999999994,-79.55000000000004,0,Regional Municipality of Niagara ON,https://www.walkscore.com/score/loc/lat=43.335000/lng=-79.550000
43.334999999999994,-79.44500000000005,0,Regional Municipality of Niagara ON,https://www.walkscore.com/score/loc/lat=43.335000/lng=-79.445000
43.334999999999994,-79.48000000000005,0,Regional Municipality of Niagara ON,https://www.walkscore.com/score/loc/lat=43.335000/lng=-79.480000
43.334999999999994,-79.51500000000004,0,Regional Municipality of Niagara ON,https://www.walkscore.com/score/loc/lat=43.335000/lng=-79.515000
43.334999999999994,-79.62000000000003,0,Oakville ON,https://www.walkscore.com/score/loc/lat=43.335000/lng=-79.620000
43.334999999999994,-79.37500000000006,0,Regional Municipality of Niagara ON,https://www.walkscore.com/score/loc/lat=43.335000/lng=-79.375000
43.334999999999994,-79.30500000000006,0,Regional Municipality of Niagara ON,https://www.walkscore.com/score/loc/lat=43.335000/lng=-79.305000
43.334999999999994,-79.41000000000005,0,Regional Municipality of Niagara ON,https://www.walkscore.com/score/loc/lat=43.335000/lng=-79.410000
43.334999999999994,-79.34000000000006,0,Regional Municipality of Niagara ON,https://www.walkscore.com/score/loc/lat=43.335000/lng=-79.340000
43.334999999999994,-79.27000000000007,2,St. Catharines ON,https://www.walkscore.com/score/loc/lat=43.335000/lng=-79.270000
43.334999999999994,-79.23500000000007,0,St. Catharines ON,https://www.walkscore.com/score/loc/lat=43.335000/lng=-79.235000
43.334999999999994,-79.20000000000007,0,Niagara-on-the-Lake ON,https://www.walkscore.com/score/loc/lat=43.335000/lng=-79.200000
43.334999999999994,-79.13000000000008,0,Niagara-on-the-Lake ON,https://www.walkscore.com/score/loc/lat=43.335000/lng=-79.130000
43.334999999999994,-79.02500000000009,0,Youngstown NY,https://www.walkscore.com/score/loc/lat=43.335000/lng=-79.025000
43.334999999999994,-78.9900000000001,0,Ransomville NY,https://www.walkscore.com/score/loc/lat=43.335000/lng=-78.990000
43.334999999999994,-79.09500000000008,0,Youngstown NY,https://www.walkscore.com/score/loc/lat=43.335000/lng=-79.095000
43.334999999999994,-79.06000000000009,0,Youngstown NY,https://www.walkscore.com/score/loc/lat=43.335000/lng=-79.060000
43.334999999999994,-78.9550000000001,0,Ransomville NY,https://www.walkscore.com/score/loc/lat=43.335000/lng=-78.955000
43.36999999999999,-79.86500000000001,17,"3248 Cedar Springs Road, Burlington ON",https://www.walkscore.com/score/loc/lat=43.370000/lng=-79.865000
43.36999999999999,-79.83000000000001,72,Burlington ON,https://www.walkscore.com/score/loc/lat=43.370000/lng=-79.830000
43.36999999999999,-79.9,1,"471-513 Concession 5 Road East, Hamilton ON",https://www.walkscore.com/score/loc/lat=43.370000/lng=-79.900000
43.36999999999999,-79.76000000000002,78,"584 Chamberlain Road, Burlington ON",https://www.walkscore.com/score/loc/lat=43.370000/lng=-79.760000
43.334999999999994,-78.9200000000001,0,Hopkins Beach NY,https://www.walkscore.com/score/loc/lat=43.335000/lng=-78.920000
43.36999999999999,-79.72500000000002,48,"5390-5528 Lakeshore Road, Burlington ON",https://www.walkscore.com/score/loc/lat=43.370000/lng=-79.725000
43.36999999999999,-79.79500000000002,54,"1164 Walkers Line, Burlington ON",https://www.walkscore.com/score/loc/lat=43.370000/lng=-79.795000
43.36999999999999,-79.69000000000003,0,"3412 Petro Canada Pier, Oakville ON",https://www.walkscore.com/score/loc/lat=43.370000/lng=-79.690000
43.36999999999999,-79.65500000000003,0,"3412 Petro Canada Pier, Oakville ON",https://www.walkscore.com/score/loc/lat=43.370000/lng=-79.655000
43.36999999999999,-79.58500000000004,0,Oakville ON,https://www.walkscore.com/score/loc/lat=43.370000/lng=-79.585000
43.36999999999999,-79.55000000000004,0,Regional Municipality of Niagara ON,https://www.walkscore.com/score/loc/lat=43.370000/lng=-79.550000
43.36999999999999,-79.51500000000004,0,Regional Municipality of Niagara ON,https://www.walkscore.com/score/loc/lat=43.370000/lng=-79.515000
43.36999999999999,-79.44500000000005,0,Regional Municipality of Niagara ON,https://www.walkscore.com/score/loc/lat=43.370000/lng=-79.445000
43.36999999999999,-79.48000000000005,0,Regional Municipality of Niagara ON,https://www.walkscore.com/score/loc/lat=43.370000/lng=-79.480000
43.36999999999999,-79.37500000000006,0,Regional Municipality of Niagara ON,https://www.walkscore.com/score/loc/lat=43.370000/lng=-79.375000
43.36999999999999,-79.41000000000005,0,Regional Municipality of Niagara ON,https://www.walkscore.com/score/loc/lat=43.370000/lng=-79.410000
43.36999999999999,-79.34000000000006,0,Regional Municipality of Niagara ON,https://www.walkscore.com/score/loc/lat=43.370000/lng=-79.340000
43.36999999999999,-79.27000000000007,0,Regional Municipality of Niagara ON,https://www.walkscore.com/score/loc/lat=43.370000/lng=-79.270000
43.36999999999999,-79.30500000000006,0,Regional Municipality of Niagara ON,https://www.walkscore.com/score/loc/lat=43.370000/lng=-79.305000
43.36999999999999,-79.16500000000008,0,Regional Municipality of Niagara ON,https://www.walkscore.com/score/loc/lat=43.370000/lng=-79.165000
43.36999999999999,-79.20000000000007,0,Regional Municipality of Niagara ON,https://www.walkscore.com/score/loc/lat=43.370000/lng=-79.200000
43.36999999999999,-79.13000000000008,0,Niagara County NY,https://www.walkscore.com/score/loc/lat=43.370000/lng=-79.130000
43.36999999999999,-79.23500000000007,0,Regional Municipality of Niagara ON,https://www.walkscore.com/score/loc/lat=43.370000/lng=-79.235000
43.36999999999999,-79.09500000000008,0,,https://www.walkscore.com/score/loc/lat=43.370000/lng=-79.095000
43.36999999999999,-79.06000000000009,0,Niagara County NY,https://www.walkscore.com/score/loc/lat=43.370000/lng=-79.060000
43.36999999999999,-78.9200000000001,0,Wilson NY,https://www.walkscore.com/score/loc/lat=43.370000/lng=-78.920000
43.36999999999999,-78.9550000000001,0,Wilson NY,https://www.walkscore.com/score/loc/lat=43.370000/lng=-78.955000
43.40499999999999,-79.86500000000001,1,"4471 Escarpment Drive, Burlington ON",https://www.walkscore.com/score/loc/lat=43.405000/lng=-79.865000
43.40499999999999,-79.79500000000002,57,"2287 Orchard Road, Burlington ON",https://www.walkscore.com/score/loc/lat=43.405000/lng=-79.795000
43.36999999999999,-79.02500000000009,0,Niagara County NY,https://www.walkscore.com/score/loc/lat=43.370000/lng=-79.025000
43.40499999999999,-79.83000000000001,21,"Express Toll Route, Burlington ON",https://www.walkscore.com/score/loc/lat=43.405000/lng=-79.830000
43.40499999999999,-79.9,1,Burlington ON,https://www.walkscore.com/score/loc/lat=43.405000/lng=-79.900000
43.40499999999999,-79.72500000000002,44,"515 Vanguard Crescent, Oakville ON",https://www.walkscore.com/score/loc/lat=43.405000/lng=-79.725000
43.40499999999999,-79.69000000000003,7,"Waterfront Trail, Oakville ON",https://www.walkscore.com/score/loc/lat=43.405000/lng=-79.690000
43.40499999999999,-79.76000000000002,17,Oakville ON,https://www.walkscore.com/score/loc/lat=43.405000/lng=-79.760000
43.40499999999999,-79.51500000000004,0,Mississauga ON,https://www.walkscore.com/score/loc/lat=43.405000/lng=-79.515000
43.40499999999999,-79.55000000000004,0,Mississauga ON,https://www.walkscore.com/score/loc/lat=43.405000/lng=-79.550000
43.40499999999999,-79.58500000000004,0,Oakville ON,https://www.walkscore.com/score/loc/lat=43.405000/lng=-79.585000
43.40499999999999,-79.48000000000005,0,Regional Municipality of Niagara ON,https://www.walkscore.com/score/loc/lat=43.405000/lng=-79.480000
43.40499999999999,-79.62000000000003,0,Oakville ON,https://www.walkscore.com/score/loc/lat=43.405000/lng=-79.620000
43.40499999999999,-79.37500000000006,0,Regional Municipality of Niagara ON,https://www.walkscore.com/score/loc/lat=43.405000/lng=-79.375000
43.40499999999999,-79.41000000000005,0,Regional Municipality of Niagara ON,https://www.walkscore.com/score/loc/lat=43.405000/lng=-79.410000
43.40499999999999,-79.44500000000005,0,Regional Municipality of Niagara ON,https://www.walkscore.com/score/loc/lat=43.405000/lng=-79.445000
43.40499999999999,-79.27000000000007,0,Regional Municipality of Niagara ON,https://www.walkscore.com/score/loc/lat=43.405000/lng=-79.270000
43.40499999999999,-79.34000000000006,0,Regional Municipality of Niagara ON,https://www.walkscore.com/score/loc/lat=43.405000/lng=-79.340000
43.40499999999999,-79.23500000000007,0,Regional Municipality of Niagara ON,https://www.walkscore.com/score/loc/lat=43.405000/lng=-79.235000
43.40499999999999,-79.20000000000007,0,Regional Municipality of Niagara ON,https://www.walkscore.com/score/loc/lat=43.405000/lng=-79.200000
43.40499999999999,-79.09500000000008,0,Niagara County NY,https://www.walkscore.com/score/loc/lat=43.405000/lng=-79.095000
43.40499999999999,-79.06000000000009,0,Niagara County NY,https://www.walkscore.com/score/loc/lat=43.405000/lng=-79.060000
43.40499999999999,-79.13000000000008,0,Niagara County NY,https://www.walkscore.com/score/loc/lat=43.405000/lng=-79.130000
43.40499999999999,-79.02500000000009,0,Niagara County NY,https://www.walkscore.com/score/loc/lat=43.405000/lng=-79.025000
43.40499999999999,-78.9900000000001,0,Niagara County NY,https://www.walkscore.com/score/loc/lat=43.405000/lng=-78.990000
43.40499999999999,-78.9550000000001,0,Niagara County NY,https://www.walkscore.com/score/loc/lat=43.405000/lng=-78.955000
43.40499999999999,-78.9200000000001,0,Wilson NY,https://www.walkscore.com/score/loc/lat=43.405000/lng=-78.920000
43.43999999999998,-79.86500000000001,1,"5448 Appleby Line, Burlington ON",https://www.walkscore.com/score/loc/lat=43.440000/lng=-79.865000
43.43999999999998,-79.83000000000001,0,"5173 Bell School Line, Burlington ON",https://www.walkscore.com/score/loc/lat=43.440000/lng=-79.830000
43.43999999999998,-79.79500000000002,0,"Express Toll Route, Oakville ON",https://www.walkscore.com/score/loc/lat=43.440000/lng=-79.795000
43.43999999999998,-79.72500000000002,56,"1236 Bonnybank Court, Oakville ON",https://www.walkscore.com/score/loc/lat=43.440000/lng=-79.725000
43.43999999999998,-79.76000000000002,60,"2338 Postmaster Drive, Oakville ON",https://www.walkscore.com/score/loc/lat=43.440000/lng=-79.760000
43.43999999999998,-79.69000000000003,68,"331 Pinegrove Road, Oakville ON",https://www.walkscore.com/score/loc/lat=43.440000/lng=-79.690000
43.43999999999998,-79.9,3,"6220 Walkers Line, Burlington ON",https://www.walkscore.com/score/loc/lat=43.440000/lng=-79.900000
43.43999999999998,-79.65500000000003,8,"204 Front Street, Oakville ON",https://www.walkscore.com/score/loc/lat=43.440000/lng=-79.655000
43.43999999999998,-79.55000000000004,0,"Dock Road, Oakville ON",https://www.walkscore.com/score/loc/lat=43.440000/lng=-79.550000
43.43999999999998,-79.62000000000003,0,Oakville ON,https://www.walkscore.com/score/loc/lat=43.440000/lng=-79.620000
43.43999999999998,-79.58500000000004,0,Mississauga ON,https://www.walkscore.com/score/loc/lat=43.440000/lng=-79.585000
43.43999999999998,-79.48000000000005,0,Mississauga ON,https://www.walkscore.com/score/loc/lat=43.440000/lng=-79.480000
43.43999999999998,-79.51500000000004,0,Mississauga ON,https://www.walkscore.com/score/loc/lat=43.440000/lng=-79.515000
43.43999999999998,-79.34000000000006,0,Mississauga ON,https://www.walkscore.com/score/loc/lat=43.440000/lng=-79.340000
43.43999999999998,-79.41000000000005,0,Regional Municipality of Peel ON,https://www.walkscore.com/score/loc/lat=43.440000/lng=-79.410000
43.43999999999998,-79.44500000000005,0,Regional Municipality of Peel ON,https://www.walkscore.com/score/loc/lat=43.440000/lng=-79.445000
43.43999999999998,-79.37500000000006,0,Regional Municipality of Peel ON,https://www.walkscore.com/score/loc/lat=43.440000/lng=-79.375000
43.43999999999998,-79.30500000000006,0,Regional Municipality of Peel ON,https://www.walkscore.com/score/loc/lat=43.440000/lng=-79.305000
43.43999999999998,-79.27000000000007,0,Regional Municipality of Niagara ON,https://www.walkscore.com/score/loc/lat=43.440000/lng=-79.270000
43.43999999999998,-79.20000000000007,0,Regional Municipality of Niagara ON,https://www.walkscore.com/score/loc/lat=43.440000/lng=-79.200000
43.43999999999998,-79.13000000000008,0,Niagara County NY,https://www.walkscore.com/score/loc/lat=43.440000/lng=-79.130000
43.43999999999998,-79.16500000000008,0,Niagara County NY,https://www.walkscore.com/score/loc/lat=43.440000/lng=-79.165000
43.43999999999998,-79.06000000000009,0,Niagara County NY,https://www.walkscore.com/score/loc/lat=43.440000/lng=-79.060000
43.43999999999998,-79.09500000000008,0,Niagara County NY,https://www.walkscore.com/score/loc/lat=43.440000/lng=-79.095000
43.43999999999998,-78.9900000000001,0,Niagara County NY,https://www.walkscore.com/score/loc/lat=43.440000/lng=-78.990000
43.43999999999998,-79.02500000000009,0,Niagara County NY,https://www.walkscore.com/score/loc/lat=43.440000/lng=-79.025000
43.47499999999998,-79.9,1,"5267 Derry Road, Milton ON",https://www.walkscore.com/score/loc/lat=43.475000/lng=-79.900000
43.47499999999998,-79.86500000000001,3,Milton ON,https://www.walkscore.com/score/loc/lat=43.475000/lng=-79.865000
43.43999999999998,-78.9200000000001,0,Niagara County NY,https://www.walkscore.com/score/loc/lat=43.440000/lng=-78.920000
43.43999999999998,-78.9550000000001,0,Niagara County NY,https://www.walkscore.com/score/loc/lat=43.440000/lng=-78.955000
43.47499999999998,-79.72500000000002,36,"40 Inverhuron Trail, Oakville ON",https://www.walkscore.com/score/loc/lat=43.475000/lng=-79.725000
43.47499999999998,-79.76000000000002,7,"Fourth Line, Oakville ON",https://www.walkscore.com/score/loc/lat=43.475000/lng=-79.760000
43.47499999999998,-79.65500000000003,60,"1497 Devon Road, Oakville ON",https://www.walkscore.com/score/loc/lat=43.475000/lng=-79.655000
43.47499999999998,-79.83000000000001,0,"Unnamed Road, Burlington ON",https://www.walkscore.com/score/loc/lat=43.475000/lng=-79.830000
43.47499999999998,-79.79500000000002,0,"2026 Lower Baseline Road, Oakville ON",https://www.walkscore.com/score/loc/lat=43.475000/lng=-79.795000
43.47499999999998,-79.69000000000003,41,"493 Grand Boulevard, Oakville ON",https://www.walkscore.com/score/loc/lat=43.475000/lng=-79.690000
43.47499999999998,-79.58500000000004,0,Mississauga ON,https://www.walkscore.com/score/loc/lat=43.475000/lng=-79.585000
43.47499999999998,-79.55000000000004,0,Mississauga ON,https://www.walkscore.com/score/loc/lat=43.475000/lng=-79.550000
43.47499999999998,-79.51500000000004,0,Mississauga ON,https://www.walkscore.com/score/loc/lat=43.475000/lng=-79.515000
43.47499999999998,-79.62000000000003,5,"2436-2460 Carrington Pl, Oakville ON",https://www.walkscore.com/score/loc/lat=43.475000/lng=-79.620000
43.47499999999998,-79.44500000000005,0,Regional Municipality of Peel ON,https://www.walkscore.com/score/loc/lat=43.475000/lng=-79.445000
43.47499999999998,-79.48000000000005,0,Mississauga ON,https://www.walkscore.com/score/loc/lat=43.475000/lng=-79.480000
43.47499999999998,-79.37500000000006,0,Regional Municipality of Peel ON,https://www.walkscore.com/score/loc/lat=43.475000/lng=-79.375000
43.47499999999998,-79.41000000000005,0,Regional Municipality of Peel ON,https://www.walkscore.com/score/loc/lat=43.475000/lng=-79.410000
43.47499999999998,-79.34000000000006,0,Regional Municipality of Peel ON,https://www.walkscore.com/score/loc/lat=43.475000/lng=-79.340000
43.47499999999998,-79.30500000000006,0,Regional Municipality of Peel ON,https://www.walkscore.com/score/loc/lat=43.475000/lng=-79.305000
43.47499999999998,-79.27000000000007,0,Regional Municipality of Peel ON,https://www.walkscore.com/score/loc/lat=43.475000/lng=-79.270000
43.47499999999998,-79.16500000000008,0,Toronto ON,https://www.walkscore.com/score/loc/lat=43.475000/lng=-79.165000
43.47499999999998,-79.23500000000007,0,Regional Municipality of Peel ON,https://www.walkscore.com/score/loc/lat=43.475000/lng=-79.235000
43.47499999999998,-79.20000000000007,0,Toronto ON,https://www.walkscore.com/score/loc/lat=43.475000/lng=-79.200000
43.47499999999998,-79.13000000000008,0,Niagara County NY,https://www.walkscore.com/score/loc/lat=43.475000/lng=-79.130000
43.47499999999998,-79.06000000000009,0,Niagara County NY,https://www.walkscore.com/score/loc/lat=43.475000/lng=-79.060000
43.47499999999998,-79.02500000000009,0,Niagara County NY,https://www.walkscore.com/score/loc/lat=43.475000/lng=-79.025000
43.47499999999998,-79.09500000000008,0,Niagara County NY,https://www.walkscore.com/score/loc/lat=43.475000/lng=-79.095000
43.47499999999998,-78.9900000000001,0,Niagara County NY,https://www.walkscore.com/score/loc/lat=43.475000/lng=-78.990000
43.47499999999998,-78.9550000000001,0,Niagara County NY,https://www.walkscore.com/score/loc/lat=43.475000/lng=-78.955000
43.50999999999998,-79.83000000000001,40,"Louis St Laurent Avenue, Milton ON",https://www.walkscore.com/score/loc/lat=43.510000/lng=-79.830000
43.50999999999998,-79.86500000000001,69,Milton ON,https://www.walkscore.com/score/loc/lat=43.510000/lng=-79.865000
43.47499999999998,-78.9200000000001,0,Niagara County NY,https://www.walkscore.com/score/loc/lat=43.475000/lng=-78.920000
43.50999999999998,-79.9,17,"3090 Steeles Avenue West, Milton ON",https://www.walkscore.com/score/loc/lat=43.510000/lng=-79.900000
43.50999999999998,-79.79500000000002,0,"5511 Fifth Line, Milton ON",https://www.walkscore.com/score/loc/lat=43.510000/lng=-79.795000
43.50999999999998,-79.76000000000002,2,"323 East Lower Base Line, Milton ON",https://www.walkscore.com/score/loc/lat=43.510000/lng=-79.760000
43.50999999999998,-79.65500000000003,59,Mississauga ON,https://www.walkscore.com/score/loc/lat=43.510000/lng=-79.655000
43.50999999999998,-79.62000000000003,38,"937 Fletcher Valley Crescent, Mississauga ON",https://www.walkscore.com/score/loc/lat=43.510000/lng=-79.620000
43.50999999999998,-79.69000000000003,36,"Ontario 403, Oakville ON",https://www.walkscore.com/score/loc/lat=43.510000/lng=-79.690000
43.50999999999998,-79.58500000000004,0,"466 Rattray Park Drive, Mississauga ON",https://www.walkscore.com/score/loc/lat=43.510000/lng=-79.585000
43.50999999999998,-79.72500000000002,0,"1158 Burnhamthorpe Road East, Oakville ON",https://www.walkscore.com/score/loc/lat=43.510000/lng=-79.725000
43.50999999999998,-79.55000000000004,0,Mississauga ON,https://www.walkscore.com/score/loc/lat=43.510000/lng=-79.550000
43.50999999999998,-79.44500000000005,1,Toronto ON,https://www.walkscore.com/score/loc/lat=43.510000/lng=-79.445000
43.50999999999998,-79.51500000000004,0,Mississauga ON,https://www.walkscore.com/score/loc/lat=43.510000/lng=-79.515000
43.50999999999998,-79.30500000000006,0,Toronto ON,https://www.walkscore.com/score/loc/lat=43.510000/lng=-79.305000
43.50999999999998,-79.48000000000005,0,Toronto ON,https://www.walkscore.com/score/loc/lat=43.510000/lng=-79.480000
43.50999999999998,-79.41000000000005,0,Toronto ON,https://www.walkscore.com/score/loc/lat=43.510000/lng=-79.410000
43.50999999999998,-79.27000000000007,0,Toronto ON,https://www.walkscore.com/score/loc/lat=43.510000/lng=-79.270000
43.50999999999998,-79.37500000000006,0,Toronto ON,https://www.walkscore.com/score/loc/lat=43.510000/lng=-79.375000
43.50999999999998,-79.23500000000007,0,Toronto ON,https://www.walkscore.com/score/loc/lat=43.510000/lng=-79.235000
43.50999999999998,-79.34000000000006,0,Toronto ON,https://www.walkscore.com/score/loc/lat=43.510000/lng=-79.340000
43.50999999999998,-79.20000000000007,0,Toronto ON,https://www.walkscore.com/score/loc/lat=43.510000/lng=-79.200000
43.50999999999998,-79.13000000000008,0,Toronto ON,https://www.walkscore.com/score/loc/lat=43.510000/lng=-79.130000
43.50999999999998,-79.16500000000008,0,Toronto ON,https://www.walkscore.com/score/loc/lat=43.510000/lng=-79.165000
43.50999999999998,-79.09500000000008,0,Toronto ON,https://www.walkscore.com/score/loc/lat=43.510000/lng=-79.095000
43.50999999999998,-79.06000000000009,0,Toronto ON,https://www.walkscore.com/score/loc/lat=43.510000/lng=-79.060000
43.50999999999998,-79.02500000000009,0,Niagara County NY,https://www.walkscore.com/score/loc/lat=43.510000/lng=-79.025000
43.50999999999998,-78.9550000000001,0,Niagara County NY,https://www.walkscore.com/score/loc/lat=43.510000/lng=-78.955000
43.50999999999998,-78.9900000000001,0,Niagara County NY,https://www.walkscore.com/score/loc/lat=43.510000/lng=-78.990000
43.54499999999997,-79.9,4,"8465 Boston Church Road, Milton ON",https://www.walkscore.com/score/loc/lat=43.545000/lng=-79.900000
43.54499999999997,-79.83000000000001,1,"7163 Sixth Line, Milton ON",https://www.walkscore.com/score/loc/lat=43.545000/lng=-79.830000
43.54499999999997,-79.86500000000001,35,"Regional Road 4, Halton Hills ON",https://www.walkscore.com/score/loc/lat=43.545000/lng=-79.865000
43.50999999999998,-78.9200000000001,0,Niagara County NY,https://www.walkscore.com/score/loc/lat=43.510000/lng=-78.920000
43.54499999999997,-79.72500000000002,66,"3285 Respond Road, Mississauga ON",https://www.walkscore.com/score/loc/lat=43.545000/lng=-79.725000
43.54499999999997,-79.79500000000002,13,"6404 Trafalgar Road, Milton ON",https://www.walkscore.com/score/loc/lat=43.545000/lng=-79.795000
43.54499999999997,-79.76000000000002,1,"Express Toll Route, Milton ON",https://www.walkscore.com/score/loc/lat=43.545000/lng=-79.760000
43.54499999999997,-79.62000000000003,31,"952 Vanier Drive, Mississauga ON",https://www.walkscore.com/score/loc/lat=43.545000/lng=-79.620000
43.54499999999997,-79.69000000000003,67,"3996 Rolling Valley Drive, Mississauga ON",https://www.walkscore.com/score/loc/lat=43.545000/lng=-79.690000
43.54499999999997,-79.65500000000003,43,Mississauga ON,https://www.walkscore.com/score/loc/lat=43.545000/lng=-79.655000
43.54499999999997,-79.55000000000004,0,Mississauga ON,https://www.walkscore.com/score/loc/lat=43.545000/lng=-79.550000
43.54499999999997,-79.51500000000004,0,Mississauga ON,https://www.walkscore.com/score/loc/lat=43.545000/lng=-79.515000
43.54499999999997,-79.58500000000004,68,"Mississauga Road South, Mississauga ON",https://www.walkscore.com/score/loc/lat=43.545000/lng=-79.585000
43.54499999999997,-79.48000000000005,0,Toronto ON,https://www.walkscore.com/score/loc/lat=43.545000/lng=-79.480000
43.54499999999997,-79.41000000000005,0,Toronto ON,https://www.walkscore.com/score/loc/lat=43.545000/lng=-79.410000
43.54499999999997,-79.37500000000006,0,Toronto ON,https://www.walkscore.com/score/loc/lat=43.545000/lng=-79.375000
43.54499999999997,-79.44500000000005,0,Toronto ON,https://www.walkscore.com/score/loc/lat=43.545000/lng=-79.445000
43.54499999999997,-79.34000000000006,0,Toronto ON,https://www.walkscore.com/score/loc/lat=43.545000/lng=-79.340000
43.54499999999997,-79.27000000000007,0,Toronto ON,https://www.walkscore.com/score/loc/lat=43.545000/lng=-79.270000
43.54499999999997,-79.20000000000007,0,Toronto ON,https://www.walkscore.com/score/loc/lat=43.545000/lng=-79.200000
43.54499999999997,-79.16500000000008,0,Toronto ON,https://www.walkscore.com/score/loc/lat=43.545000/lng=-79.165000
43.54499999999997,-79.30500000000006,0,Toronto ON,https://www.walkscore.com/score/loc/lat=43.545000/lng=-79.305000
43.54499999999997,-79.13000000000008,0,Toronto ON,https://www.walkscore.com/score/loc/lat=43.545000/lng=-79.130000
43.54499999999997,-79.09500000000008,0,Toronto ON,https://www.walkscore.com/score/loc/lat=43.545000/lng=-79.095000
43.54499999999997,-79.06000000000009,0,Toronto ON,https://www.walkscore.com/score/loc/lat=43.545000/lng=-79.060000
43.54499999999997,-79.02500000000009,0,Toronto ON,https://www.walkscore.com/score/loc/lat=43.545000/lng=-79.025000
43.54499999999997,-79.23500000000007,0,Toronto ON,https://www.walkscore.com/score/loc/lat=43.545000/lng=-79.235000
43.57999999999997,-79.9,0,"9483 5th Line, Halton Hills ON",https://www.walkscore.com/score/loc/lat=43.580000/lng=-79.900000
43.54499999999997,-78.9900000000001,0,Pickering ON,https://www.walkscore.com/score/loc/lat=43.545000/lng=-78.990000
43.57999999999997,-79.86500000000001,0,"Unnamed Road, Halton Hills ON",https://www.walkscore.com/score/loc/lat=43.580000/lng=-79.865000
43.54499999999997,-78.9550000000001,0,Regional Municipality of Durham ON,https://www.walkscore.com/score/loc/lat=43.545000/lng=-78.955000
43.54499999999997,-78.9200000000001,0,Niagara County NY,https://www.walkscore.com/score/loc/lat=43.545000/lng=-78.920000
43.57999999999997,-79.83000000000001,32,"8021 Eighth Line North, Halton Hills ON",https://www.walkscore.com/score/loc/lat=43.580000/lng=-79.830000
43.57999999999997,-79.76000000000002,83,"3051 Battleford Road, Mississauga ON",https://www.walkscore.com/score/loc/lat=43.580000/lng=-79.760000
43.57999999999997,-79.72500000000002,51,Mississauga ON,https://www.walkscore.com/score/loc/lat=43.580000/lng=-79.725000
43.57999999999997,-79.79500000000002,38,"7228 Ninth Line, Milton ON",https://www.walkscore.com/score/loc/lat=43.580000/lng=-79.795000
43.57999999999997,-79.65500000000003,80,Mississauga ON,https://www.walkscore.com/score/loc/lat=43.580000/lng=-79.655000
43.57999999999997,-79.69000000000003,56,"1551 Princelea Place, Mississauga ON",https://www.walkscore.com/score/loc/lat=43.580000/lng=-79.690000
43.57999999999997,-79.62000000000003,94,"79 Agnes Street, Mississauga ON",https://www.walkscore.com/score/loc/lat=43.580000/lng=-79.620000
43.57999999999997,-79.55000000000004,33,"Waterfront Trail, Mississauga ON",https://www.walkscore.com/score/loc/lat=43.580000/lng=-79.550000
43.57999999999997,-79.58500000000004,34,"566 Exbury Crescent, Mississauga ON",https://www.walkscore.com/score/loc/lat=43.580000/lng=-79.585000
43.57999999999997,-79.44500000000005,0,"1 Sussex Drive, Toronto ON",https://www.walkscore.com/score/loc/lat=43.580000/lng=-79.445000
43.57999999999997,-79.48000000000005,0,"129 Lakeshore Drive, Toronto ON",https://www.walkscore.com/score/loc/lat=43.580000/lng=-79.480000
43.57999999999997,-79.51500000000004,1,Toronto ON,https://www.walkscore.com/score/loc/lat=43.580000/lng=-79.515000
43.57999999999997,-79.41000000000005,0,Toronto ON,https://www.walkscore.com/score/loc/lat=43.580000/lng=-79.410000
43.57999999999997,-79.37500000000006,0,"40 Avenue of the Island, Toronto ON",https://www.walkscore.com/score/loc/lat=43.580000/lng=-79.375000
43.57999999999997,-79.27000000000007,0,Toronto ON,https://www.walkscore.com/score/loc/lat=43.580000/lng=-79.270000
43.57999999999997,-79.20000000000007,0,Toronto ON,https://www.walkscore.com/score/loc/lat=43.580000/lng=-79.200000
43.57999999999997,-79.34000000000006,0,Toronto ON,https://www.walkscore.com/score/loc/lat=43.580000/lng=-79.340000
43.57999999999997,-79.16500000000008,0,Toronto ON,https://www.walkscore.com/score/loc/lat=43.580000/lng=-79.165000
43.57999999999997,-79.13000000000008,0,Toronto ON,https://www.walkscore.com/score/loc/lat=43.580000/lng=-79.130000
43.57999999999997,-79.30500000000006,0,Toronto ON,https://www.walkscore.com/score/loc/lat=43.580000/lng=-79.305000
43.57999999999997,-79.09500000000008,0,Toronto ON,https://www.walkscore.com/score/loc/lat=43.580000/lng=-79.095000
43.57999999999997,-79.23500000000007,0,Toronto ON,https://www.walkscore.com/score/loc/lat=43.580000/lng=-79.235000
43.57999999999997,-79.06000000000009,0,Toronto ON,https://www.walkscore.com/score/loc/lat=43.580000/lng=-79.060000
43.57999999999997,-79.02500000000009,0,Regional Municipality of Durham ON,https://www.walkscore.com/score/loc/lat=43.580000/lng=-79.025000
43.57999999999997,-78.9550000000001,0,Regional Municipality of Durham ON,https://www.walkscore.com/score/loc/lat=43.580000/lng=-78.955000
43.61499999999997,-79.9,3,"10200 Trafalgar Road, Halton Hills ON",https://www.walkscore.com/score/loc/lat=43.615000/lng=-79.900000
43.57999999999997,-78.9900000000001,0,Regional Municipality of Durham ON,https://www.walkscore.com/score/loc/lat=43.580000/lng=-78.990000
43.61499999999997,-79.86500000000001,0,"9660 Ninth Line, Halton Hills ON",https://www.walkscore.com/score/loc/lat=43.615000/lng=-79.865000
43.57999999999997,-78.9200000000001,0,Regional Municipality of Durham ON,https://www.walkscore.com/score/loc/lat=43.580000/lng=-78.920000
43.61499999999997,-79.79500000000002,2,"2718-2900 Steeles Avenue West, Brampton ON",https://www.walkscore.com/score/loc/lat=43.615000/lng=-79.795000
43.61499999999997,-79.83000000000001,9,"8853 Tenth Line North, Halton Hills ON",https://www.walkscore.com/score/loc/lat=43.615000/lng=-79.830000
43.61499999999997,-79.72500000000002,4,"Macdonald-Cartier Freeway, Mississauga ON",https://www.walkscore.com/score/loc/lat=43.615000/lng=-79.725000
43.61499999999997,-79.69000000000003,54,"5980 McLaughlin Road, Mississauga ON",https://www.walkscore.com/score/loc/lat=43.615000/lng=-79.690000
43.61499999999997,-79.76000000000002,30,Mississauga ON,https://www.walkscore.com/score/loc/lat=43.615000/lng=-79.760000
43.61499999999997,-79.62000000000003,73,Mississauga ON,https://www.walkscore.com/score/loc/lat=43.615000/lng=-79.620000
43.61499999999997,-79.58500000000004,66,"3026 Golden Orchard Drive, Mississauga ON",https://www.walkscore.com/score/loc/lat=43.615000/lng=-79.585000
43.61499999999997,-79.65500000000003,58,Mississauga ON,https://www.walkscore.com/score/loc/lat=43.615000/lng=-79.655000
43.61499999999997,-79.55000000000004,60,"Sherway Gardens Rd, Toronto ON",https://www.walkscore.com/score/loc/lat=43.615000/lng=-79.550000
43.61499999999997,-79.48000000000005,21,"300 Humber Bay Park Rd W, Toronto ON",https://www.walkscore.com/score/loc/lat=43.615000/lng=-79.480000
43.61499999999997,-79.44500000000005,0,"1391 Lake Shore Boulevard West, Toronto ON",https://www.walkscore.com/score/loc/lat=43.615000/lng=-79.445000
43.61499999999997,-79.41000000000005,0,"Unnamed Road, Toronto ON",https://www.walkscore.com/score/loc/lat=43.615000/lng=-79.410000
43.61499999999997,-79.34000000000006,0,"Tommy Thompson Park, Toronto ON",https://www.walkscore.com/score/loc/lat=43.615000/lng=-79.340000
43.61499999999997,-79.30500000000006,0,Toronto ON,https://www.walkscore.com/score/loc/lat=43.615000/lng=-79.305000
43.61499999999997,-79.51500000000004,58,"55 Goldthorne Ave, Toronto ON",https://www.walkscore.com/score/loc/lat=43.615000/lng=-79.515000
43.61499999999997,-79.23500000000007,0,Toronto ON,https://www.walkscore.com/score/loc/lat=43.615000/lng=-79.235000
43.61499999999997,-79.37500000000006,11,"443 Lakeshore Avenue, Toronto ON",https://www.walkscore.com/score/loc/lat=43.615000/lng=-79.375000
43.61499999999997,-79.27000000000007,0,Toronto ON,https://www.walkscore.com/score/loc/lat=43.615000/lng=-79.270000
43.61499999999997,-79.20000000000007,0,Toronto ON,https://www.walkscore.com/score/loc/lat=43.615000/lng=-79.200000
43.61499999999997,-79.16500000000008,0,Toronto ON,https://www.walkscore.com/score/loc/lat=43.615000/lng=-79.165000
43.61499999999997,-79.13000000000008,0,Toronto ON,https://www.walkscore.com/score/loc/lat=43.615000/lng=-79.130000
43.61499999999997,-79.09500000000008,0,Toronto ON,https://www.walkscore.com/score/loc/lat=43.615000/lng=-79.095000
43.61499999999997,-79.06000000000009,0,Toronto ON,https://www.walkscore.com/score/loc/lat=43.615000/lng=-79.060000
43.61499999999997,-79.02500000000009,0,Regional Municipality of Durham ON,https://www.walkscore.com/score/loc/lat=43.615000/lng=-79.025000
43.61499999999997,-78.9550000000001,0,Regional Municipality of Durham ON,https://www.walkscore.com/score/loc/lat=43.615000/lng=-78.955000
43.61499999999997,-78.9900000000001,0,Regional Municipality of Durham ON,https://www.walkscore.com/score/loc/lat=43.615000/lng=-78.990000
43.61499999999997,-78.9200000000001,0,Regional Municipality of Durham ON,https://www.walkscore.com/score/loc/lat=43.615000/lng=-78.920000
43.64999999999996,-79.86500000000001,15,"10184 Winston Churchill Boulevard, Halton Hills ON",https://www.walkscore.com/score/loc/lat=43.650000/lng=-79.865000
43.64999999999996,-79.9,84,"236 Guelph Street, Halton Hills ON",https://www.walkscore.com/score/loc/lat=43.650000/lng=-79.900000
43.64999999999996,-79.83000000000001,6,"9603-9999 Heritage Road, Brampton ON",https://www.walkscore.com/score/loc/lat=43.650000/lng=-79.830000
43.64999999999996,-79.79500000000002,9,"51 Links Lane, Brampton ON",https://www.walkscore.com/score/loc/lat=43.650000/lng=-79.795000
43.64999999999996,-79.76000000000002,70,"12 Ozark Court, Brampton ON",https://www.walkscore.com/score/loc/lat=43.650000/lng=-79.760000
43.64999999999996,-79.69000000000003,42,"340 Superior Boulevard, Mississauga ON",https://www.walkscore.com/score/loc/lat=43.650000/lng=-79.690000
43.64999999999996,-79.65500000000003,44,"854 Westport Crescent, Mississauga ON",https://www.walkscore.com/score/loc/lat=43.650000/lng=-79.655000
43.64999999999996,-79.58500000000004,21,"590 Rathburn Road, Toronto ON",https://www.walkscore.com/score/loc/lat=43.650000/lng=-79.585000
43.64999999999996,-79.62000000000003,40,Mississauga ON,https://www.walkscore.com/score/loc/lat=43.650000/lng=-79.620000
43.64999999999996,-79.72500000000002,54,"124 Meadowlark Drive, Brampton ON",https://www.walkscore.com/score/loc/lat=43.650000/lng=-79.725000
43.64999999999996,-79.55000000000004,66,Toronto ON,https://www.walkscore.com/score/loc/lat=43.650000/lng=-79.550000
43.64999999999996,-79.51500000000004,93,Toronto ON,https://www.walkscore.com/score/loc/lat=43.650000/lng=-79.515000
43.64999999999996,-79.48000000000005,99,Toronto ON,https://www.walkscore.com/score/loc/lat=43.650000/lng=-79.480000
43.64999999999996,-79.34000000000006,34,"10 Basin Street, Toronto ON",https://www.walkscore.com/score/loc/lat=43.650000/lng=-79.340000
43.64999999999996,-79.30500000000006,3,"Martin Goodman Trail, Toronto ON",https://www.walkscore.com/score/loc/lat=43.650000/lng=-79.305000
43.64999999999996,-79.44500000000005,93,Toronto ON,https://www.walkscore.com/score/loc/lat=43.650000/lng=-79.445000
43.64999999999996,-79.37500000000006,100,"55 Adelaide Street East, Toronto ON",https://www.walkscore.com/score/loc/lat=43.650000/lng=-79.375000
43.64999999999996,-79.23500000000007,1,Toronto ON,https://www.walkscore.com/score/loc/lat=43.650000/lng=-79.235000
43.64999999999996,-79.41000000000005,94,"115 Manning Avenue, Toronto ON",https://www.walkscore.com/score/loc/lat=43.650000/lng=-79.410000
43.64999999999996,-79.16500000000008,0,Toronto ON,https://www.walkscore.com/score/loc/lat=43.650000/lng=-79.165000
43.64999999999996,-79.20000000000007,0,Toronto ON,https://www.walkscore.com/score/loc/lat=43.650000/lng=-79.200000
43.64999999999996,-79.13000000000008,0,Pickering ON,https://www.walkscore.com/score/loc/lat=43.650000/lng=-79.130000
43.64999999999996,-79.27000000000007,0,"450 Lake Front, Toronto ON",https://www.walkscore.com/score/loc/lat=43.650000/lng=-79.270000
43.64999999999996,-79.06000000000009,0,Toronto ON,https://www.walkscore.com/score/loc/lat=43.650000/lng=-79.060000
43.64999999999996,-79.09500000000008,0,Toronto ON,https://www.walkscore.com/score/loc/lat=43.650000/lng=-79.095000
43.64999999999996,-79.02500000000009,0,Regional Municipality of Durham ON,https://www.walkscore.com/score/loc/lat=43.650000/lng=-79.025000
43.64999999999996,-78.9900000000001,0,Regional Municipality of Durham ON,https://www.walkscore.com/score/loc/lat=43.650000/lng=-78.990000
43.68499999999996,-79.9,0,"11513-12601 Winston Churchill Boulevard, Caledon ON",https://www.walkscore.com/score/loc/lat=43.685000/lng=-79.900000
43.68499999999996,-79.86500000000001,1,"2212 Wanless Drive, Brampton ON",https://www.walkscore.com/score/loc/lat=43.685000/lng=-79.865000
43.64999999999996,-78.9200000000001,0,Regional Municipality of Durham ON,https://www.walkscore.com/score/loc/lat=43.650000/lng=-78.920000
43.64999999999996,-78.9550000000001,0,Regional Municipality of Durham ON,https://www.walkscore.com/score/loc/lat=43.650000/lng=-78.955000
43.68499999999996,-79.83000000000001,42,"140 Aylesbury Drive, Brampton ON",https://www.walkscore.com/score/loc/lat=43.685000/lng=-79.830000
43.68499999999996,-79.76000000000002,97,"6 George Street South, Brampton ON",https://www.walkscore.com/score/loc/lat=43.685000/lng=-79.760000
43.68499999999996,-79.69000000000003,0,"Dixie Road, Brampton ON",https://www.walkscore.com/score/loc/lat=43.685000/lng=-79.690000
43.68499999999996,-79.65500000000003,0,"North Service Road, Mississauga ON",https://www.walkscore.com/score/loc/lat=43.685000/lng=-79.655000
43.68499999999996,-79.62000000000003,44,Mississauga ON,https://www.walkscore.com/score/loc/lat=43.685000/lng=-79.620000
43.68499999999996,-79.72500000000002,53,"291 Rutherford Road South, Brampton ON",https://www.walkscore.com/score/loc/lat=43.685000/lng=-79.725000
43.68499999999996,-79.79500000000002,49,Brampton ON,https://www.walkscore.com/score/loc/lat=43.685000/lng=-79.795000
43.68499999999996,-79.58500000000004,40,"55-93 Skyway Ave, Toronto ON",https://www.walkscore.com/score/loc/lat=43.685000/lng=-79.585000
43.68499999999996,-79.55000000000004,66,Toronto ON,https://www.walkscore.com/score/loc/lat=43.685000/lng=-79.550000
43.68499999999996,-79.51500000000004,54,Toronto ON,https://www.walkscore.com/score/loc/lat=43.685000/lng=-79.515000
43.68499999999996,-79.37500000000006,58,Toronto ON,https://www.walkscore.com/score/loc/lat=43.685000/lng=-79.375000
43.68499999999996,-79.48000000000005,81,"Black Creek Drive, Toronto ON",https://www.walkscore.com/score/loc/lat=43.685000/lng=-79.480000
43.68499999999996,-79.30500000000006,86,Toronto ON,https://www.walkscore.com/score/loc/lat=43.685000/lng=-79.305000
43.68499999999996,-79.34000000000006,90,Toronto ON,https://www.walkscore.com/score/loc/lat=43.685000/lng=-79.340000
43.68499999999996,-79.27000000000007,62,"12 Haig Avenue, Toronto ON",https://www.walkscore.com/score/loc/lat=43.685000/lng=-79.270000
43.68499999999996,-79.23500000000007,0,Toronto ON,https://www.walkscore.com/score/loc/lat=43.685000/lng=-79.235000
43.68499999999996,-79.44500000000005,90,Toronto ON,https://www.walkscore.com/score/loc/lat=43.685000/lng=-79.445000
43.68499999999996,-79.20000000000007,0,"82 Fishleigh Dr, Toronto ON",https://www.walkscore.com/score/loc/lat=43.685000/lng=-79.200000
43.68499999999996,-79.16500000000008,0,Toronto ON,https://www.walkscore.com/score/loc/lat=43.685000/lng=-79.165000
43.68499999999996,-79.13000000000008,0,Toronto ON,https://www.walkscore.com/score/loc/lat=43.685000/lng=-79.130000
43.68499999999996,-79.09500000000008,0,Toronto ON,https://www.walkscore.com/score/loc/lat=43.685000/lng=-79.095000
43.68499999999996,-79.06000000000009,0,Toronto ON,https://www.walkscore.com/score/loc/lat=43.685000/lng=-79.060000
43.68499999999996,-78.9550000000001,0,Regional Municipality of Durham ON,https://www.walkscore.com/score/loc/lat=43.685000/lng=-78.955000
43.68499999999996,-79.02500000000009,0,Regional Municipality of Durham ON,https://www.walkscore.com/score/loc/lat=43.685000/lng=-79.025000
43.719999999999956,-79.86500000000001,4,Caledon ON,https://www.walkscore.com/score/loc/lat=43.720000/lng=-79.865000
43.719999999999956,-79.9,0,"13253-13387 Mississauga Road, Caledon ON",https://www.walkscore.com/score/loc/lat=43.720000/lng=-79.900000
43.68499999999996,-78.9200000000001,0,Durham Regional Municipality ON,https://www.walkscore.com/score/loc/lat=43.685000/lng=-78.920000
43.719999999999956,-79.72500000000002,85,"1 Huntingwood Crescent, Brampton ON",https://www.walkscore.com/score/loc/lat=43.720000/lng=-79.725000
43.719999999999956,-79.79500000000002,65,"0 Furrows End, Brampton ON",https://www.walkscore.com/score/loc/lat=43.720000/lng=-79.795000
43.719999999999956,-79.69000000000003,63,"30 Drake Boulevard, Brampton ON",https://www.walkscore.com/score/loc/lat=43.720000/lng=-79.690000
43.719999999999956,-79.76000000000002,47,Brampton ON,https://www.walkscore.com/score/loc/lat=43.720000/lng=-79.760000
43.719999999999956,-79.83000000000001,32,Brampton ON,https://www.walkscore.com/score/loc/lat=43.720000/lng=-79.830000
43.68499999999996,-78.9900000000001,0,Regional Municipality of Durham ON,https://www.walkscore.com/score/loc/lat=43.685000/lng=-78.990000
43.719999999999956,-79.65500000000003,55,"7653 Priory Crescent, Mississauga ON",https://www.walkscore.com/score/loc/lat=43.720000/lng=-79.655000
43.719999999999956,-79.62000000000003,49,Toronto ON,https://www.walkscore.com/score/loc/lat=43.720000/lng=-79.620000
43.719999999999956,-79.58500000000004,50,Toronto ON,https://www.walkscore.com/score/loc/lat=43.720000/lng=-79.585000
43.719999999999956,-79.48000000000005,73,Toronto ON,https://www.walkscore.com/score/loc/lat=43.720000/lng=-79.480000
43.719999999999956,-79.55000000000004,57,Toronto ON,https://www.walkscore.com/score/loc/lat=43.720000/lng=-79.550000
43.719999999999956,-79.51500000000004,85,Toronto ON,https://www.walkscore.com/score/loc/lat=43.720000/lng=-79.515000
43.719999999999956,-79.44500000000005,69,"Allen Rd, Toronto ON",https://www.walkscore.com/score/loc/lat=43.720000/lng=-79.445000
43.719999999999956,-79.37500000000006,58,"70 Life Saving Drive, Toronto ON",https://www.walkscore.com/score/loc/lat=43.720000/lng=-79.375000
43.719999999999956,-79.34000000000006,84,Toronto ON,https://www.walkscore.com/score/loc/lat=43.720000/lng=-79.340000
43.719999999999956,-79.30500000000006,92,Toronto ON,https://www.walkscore.com/score/loc/lat=43.720000/lng=-79.305000
43.719999999999956,-79.27000000000007,47,"35 Foxridge Drive, Toronto ON",https://www.walkscore.com/score/loc/lat=43.720000/lng=-79.270000
43.719999999999956,-79.20000000000007,0,Toronto ON,https://www.walkscore.com/score/loc/lat=43.720000/lng=-79.200000
43.719999999999956,-79.23500000000007,75,Toronto ON,https://www.walkscore.com/score/loc/lat=43.720000/lng=-79.235000
43.719999999999956,-79.16500000000008,0,"Doris McCarthy Trail, Toronto ON",https://www.walkscore.com/score/loc/lat=43.720000/lng=-79.165000
43.719999999999956,-79.09500000000008,0,Toronto ON,https://www.walkscore.com/score/loc/lat=43.720000/lng=-79.095000
43.719999999999956,-79.41000000000005,72,Toronto ON,https://www.walkscore.com/score/loc/lat=43.720000/lng=-79.410000
43.719999999999956,-79.13000000000008,0,"20 Livingston Road, Toronto ON",https://www.walkscore.com/score/loc/lat=43.720000/lng=-79.130000
43.719999999999956,-78.9900000000001,0,Pickering ON,https://www.walkscore.com/score/loc/lat=43.720000/lng=-78.990000
43.719999999999956,-79.06000000000009,0,"76 Holmcrest Trail, Toronto ON",https://www.walkscore.com/score/loc/lat=43.720000/lng=-79.060000
43.719999999999956,-78.9550000000001,0,Ajax ON,https://www.walkscore.com/score/loc/lat=43.720000/lng=-78.955000
43.719999999999956,-79.02500000000009,0,Pickering ON,https://www.walkscore.com/score/loc/lat=43.720000/lng=-79.025000
43.719999999999956,-78.9200000000001,0,Regional Municipality of Durham ON,https://www.walkscore.com/score/loc/lat=43.720000/lng=-78.920000
43.75499999999995,-79.9,7,"14001-14167 Chinguacousy Road, Caledon ON",https://www.walkscore.com/score/loc/lat=43.755000/lng=-79.900000
43.75499999999995,-79.83000000000001,49,Caledon ON,https://www.walkscore.com/score/loc/lat=43.755000/lng=-79.830000
43.75499999999995,-79.76000000000002,67,"111 Desert Sand Drive, Brampton ON",https://www.walkscore.com/score/loc/lat=43.755000/lng=-79.760000
43.75499999999995,-79.79500000000002,18,"60 Coachworks Crescent, Brampton ON",https://www.walkscore.com/score/loc/lat=43.755000/lng=-79.795000
43.75499999999995,-79.72500000000002,65,"85 Trailside Walk, Brampton ON",https://www.walkscore.com/score/loc/lat=43.755000/lng=-79.725000
43.75499999999995,-79.86500000000001,1,Caledon ON,https://www.walkscore.com/score/loc/lat=43.755000/lng=-79.865000
43.75499999999995,-79.65500000000003,3,"Unnamed Road, Brampton ON",https://www.walkscore.com/score/loc/lat=43.755000/lng=-79.655000
43.75499999999995,-79.69000000000003,28,"175 Sun Pac Boulevard, Brampton ON",https://www.walkscore.com/score/loc/lat=43.755000/lng=-79.690000
43.75499999999995,-79.62000000000003,42,"7962 Steeles Avenue West, Vaughan ON",https://www.walkscore.com/score/loc/lat=43.755000/lng=-79.620000
43.75499999999995,-79.58500000000004,66,"2757-2777 Kipling Ave, Toronto ON",https://www.walkscore.com/score/loc/lat=43.755000/lng=-79.585000
43.75499999999995,-79.48000000000005,55,"157 Saint Regis Crescent, Toronto ON",https://www.walkscore.com/score/loc/lat=43.755000/lng=-79.480000
43.75499999999995,-79.55000000000004,59,"75 Toryork Drive, Toronto ON",https://www.walkscore.com/score/loc/lat=43.755000/lng=-79.550000
43.75499999999995,-79.41000000000005,88,Toronto ON,https://www.walkscore.com/score/loc/lat=43.755000/lng=-79.410000
43.75499999999995,-79.37500000000006,51,Toronto ON,https://www.walkscore.com/score/loc/lat=43.755000/lng=-79.375000
43.75499999999995,-79.51500000000004,84,Toronto ON,https://www.walkscore.com/score/loc/lat=43.755000/lng=-79.515000
43.75499999999995,-79.23500000000007,81,Toronto ON,https://www.walkscore.com/score/loc/lat=43.755000/lng=-79.235000
43.75499999999995,-79.27000000000007,71,"140 Midwest Road, Toronto ON",https://www.walkscore.com/score/loc/lat=43.755000/lng=-79.270000
43.75499999999995,-79.30500000000006,76,"36 Archwood Crescent, Toronto ON",https://www.walkscore.com/score/loc/lat=43.755000/lng=-79.305000
43.75499999999995,-79.34000000000006,55,Toronto ON,https://www.walkscore.com/score/loc/lat=43.755000/lng=-79.340000
43.75499999999995,-79.16500000000008,1,Toronto ON,https://www.walkscore.com/score/loc/lat=43.755000/lng=-79.165000
43.75499999999995,-79.06000000000009,0,Toronto ON,https://www.walkscore.com/score/loc/lat=43.755000/lng=-79.060000
43.75499999999995,-79.09500000000008,0,Toronto ON,https://www.walkscore.com/score/loc/lat=43.755000/lng=-79.095000
43.75499999999995,-79.13000000000008,0,Toronto ON,https://www.walkscore.com/score/loc/lat=43.755000/lng=-79.130000
43.75499999999995,-78.9900000000001,0,"270 Centennial Road to Harwood Avenue S Path, Ajax ON",https://www.walkscore.com/score/loc/lat=43.755000/lng=-78.990000
43.75499999999995,-79.02500000000009,0,Pickering ON,https://www.walkscore.com/score/loc/lat=43.755000/lng=-79.025000
43.75499999999995,-79.20000000000007,61,"4095 Kingston Road, Toronto ON",https://www.walkscore.com/score/loc/lat=43.755000/lng=-79.200000
43.78999999999995,-79.86500000000001,6,Caledon ON,https://www.walkscore.com/score/loc/lat=43.790000/lng=-79.865000
43.75499999999995,-78.9550000000001,0,Whitby ON,https://www.walkscore.com/score/loc/lat=43.755000/lng=-78.955000
43.75499999999995,-78.9200000000001,0,Whitby ON,https://www.walkscore.com/score/loc/lat=43.755000/lng=-78.920000
43.78999999999995,-79.83000000000001,0,"13388 Dixie Road, Caledon ON",https://www.walkscore.com/score/loc/lat=43.790000/lng=-79.830000
43.78999999999995,-79.9,0,"14801 Hurontario Street, Caledon ON",https://www.walkscore.com/score/loc/lat=43.790000/lng=-79.900000
43.78999999999995,-79.79500000000002,6,"12691 Bramalea Road, Caledon ON",https://www.walkscore.com/score/loc/lat=43.790000/lng=-79.795000
43.78999999999995,-79.76000000000002,46,"11796 Airport Road, Brampton ON",https://www.walkscore.com/score/loc/lat=43.790000/lng=-79.760000
43.78999999999995,-79.69000000000003,9,"4415 Castlemore Road, Brampton ON",https://www.walkscore.com/score/loc/lat=43.790000/lng=-79.690000
43.78999999999995,-79.58500000000004,66,Vaughan ON,https://www.walkscore.com/score/loc/lat=43.790000/lng=-79.585000
43.78999999999995,-79.65500000000003,9,"8700 Huntington Road, Vaughan ON",https://www.walkscore.com/score/loc/lat=43.790000/lng=-79.655000
43.78999999999995,-79.62000000000003,57,Vaughan ON,https://www.walkscore.com/score/loc/lat=43.790000/lng=-79.620000
43.78999999999995,-79.72500000000002,12,"18 Rosegarden Drive, Brampton ON",https://www.walkscore.com/score/loc/lat=43.790000/lng=-79.725000
43.78999999999995,-79.55000000000004,80,Vaughan ON,https://www.walkscore.com/score/loc/lat=43.790000/lng=-79.550000
43.78999999999995,-79.44500000000005,81,Toronto ON,https://www.walkscore.com/score/loc/lat=43.790000/lng=-79.445000
43.78999999999995,-79.51500000000004,34,"37 Creditstone Road, Vaughan ON",https://www.walkscore.com/score/loc/lat=43.790000/lng=-79.515000
43.78999999999995,-79.41000000000005,69,Toronto ON,https://www.walkscore.com/score/loc/lat=43.790000/lng=-79.410000
43.78999999999995,-79.37500000000006,64,Toronto ON,https://www.walkscore.com/score/loc/lat=43.790000/lng=-79.375000
43.78999999999995,-79.48000000000005,56,"83 Cog Hill Drive, Vaughan ON",https://www.walkscore.com/score/loc/lat=43.790000/lng=-79.480000
43.78999999999995,-79.30500000000006,60,Toronto ON,https://www.walkscore.com/score/loc/lat=43.790000/lng=-79.305000
43.78999999999995,-79.27000000000007,86,"59 Heather Road, Toronto ON",https://www.walkscore.com/score/loc/lat=43.790000/lng=-79.270000
43.78999999999995,-79.34000000000006,61,Toronto ON,https://www.walkscore.com/score/loc/lat=43.790000/lng=-79.340000
43.78999999999995,-79.20000000000007,52,"685 Military Trail, Toronto ON",https://www.walkscore.com/score/loc/lat=43.790000/lng=-79.200000
43.78999999999995,-79.23500000000007,86,"312-305 Milner Avenue, Toronto ON",https://www.walkscore.com/score/loc/lat=43.790000/lng=-79.235000
43.78999999999995,-79.16500000000008,65,Toronto ON,https://www.walkscore.com/score/loc/lat=43.790000/lng=-79.165000
43.78999999999995,-79.13000000000008,41,Toronto ON,https://www.walkscore.com/score/loc/lat=43.790000/lng=-79.130000
43.78999999999995,-79.09500000000008,0,Pickering ON,https://www.walkscore.com/score/loc/lat=43.790000/lng=-79.095000
43.78999999999995,-78.9900000000001,0,Ajax ON,https://www.walkscore.com/score/loc/lat=43.790000/lng=-78.990000
43.78999999999995,-79.02500000000009,0,Pickering ON,https://www.walkscore.com/score/loc/lat=43.790000/lng=-79.025000
43.78999999999995,-79.06000000000009,0,Pickering ON,https://www.walkscore.com/score/loc/lat=43.790000/lng=-79.060000
43.78999999999995,-78.9550000000001,0,Whitby ON,https://www.walkscore.com/score/loc/lat=43.790000/lng=-78.955000
43.824999999999946,-79.9,0,"15655 Heart Lake Road, Caledon ON",https://www.walkscore.com/score/loc/lat=43.825000/lng=-79.900000
43.78999999999995,-78.9200000000001,0,Whitby ON,https://www.walkscore.com/score/loc/lat=43.790000/lng=-78.920000
43.824999999999946,-79.83000000000001,0,"14192 Torbram Road, Caledon ON",https://www.walkscore.com/score/loc/lat=43.825000/lng=-79.830000
43.824999999999946,-79.79500000000002,6,"13541 Airport Road, Caledon ON",https://www.walkscore.com/score/loc/lat=43.825000/lng=-79.795000
43.824999999999946,-79.76000000000002,5,"12796 Centreville Creek Road, Caledon ON",https://www.walkscore.com/score/loc/lat=43.825000/lng=-79.760000
43.824999999999946,-79.86500000000001,0,Caledon ON,https://www.walkscore.com/score/loc/lat=43.825000/lng=-79.865000
43.824999999999946,-79.69000000000003,0,"10810 Coleraine Drive, Brampton ON",https://www.walkscore.com/score/loc/lat=43.825000/lng=-79.690000
43.824999999999946,-79.62000000000003,45,"61 Arrowood Crescent, Vaughan ON",https://www.walkscore.com/score/loc/lat=43.825000/lng=-79.620000
43.824999999999946,-79.65500000000003,9,"64 Moody Drive, Vaughan ON",https://www.walkscore.com/score/loc/lat=43.825000/lng=-79.655000
43.824999999999946,-79.48000000000005,68,"91 Fernstaff Court, Vaughan ON",https://www.walkscore.com/score/loc/lat=43.825000/lng=-79.480000
43.824999999999946,-79.72500000000002,3,Caledon ON,https://www.walkscore.com/score/loc/lat=43.825000/lng=-79.725000
43.824999999999946,-79.58500000000004,1,"9520 Pine Valley Drive, Vaughan ON",https://www.walkscore.com/score/loc/lat=43.825000/lng=-79.585000
43.824999999999946,-79.44500000000005,24,"85 Glenforest Drive, Vaughan ON",https://www.walkscore.com/score/loc/lat=43.825000/lng=-79.445000
43.824999999999946,-79.55000000000004,55,"Rutherford Rd, Vaughan ON",https://www.walkscore.com/score/loc/lat=43.825000/lng=-79.550000
43.824999999999946,-79.51500000000004,1,"Unnamed Road, Vaughan ON",https://www.walkscore.com/score/loc/lat=43.825000/lng=-79.515000
43.824999999999946,-79.41000000000005,48,Markham ON,https://www.walkscore.com/score/loc/lat=43.825000/lng=-79.410000
43.824999999999946,-79.37500000000006,35,"11 Northbank Court, Markham ON",https://www.walkscore.com/score/loc/lat=43.825000/lng=-79.375000
43.824999999999946,-79.34000000000006,56,"171 Esna Park Drive, Markham ON",https://www.walkscore.com/score/loc/lat=43.825000/lng=-79.340000
43.824999999999946,-79.30500000000006,84,Markham ON,https://www.walkscore.com/score/loc/lat=43.825000/lng=-79.305000
43.824999999999946,-79.27000000000007,74,Toronto ON,https://www.walkscore.com/score/loc/lat=43.825000/lng=-79.270000
43.824999999999946,-79.20000000000007,13,"1125-1203 Sewells Road, Toronto ON",https://www.walkscore.com/score/loc/lat=43.825000/lng=-79.200000
43.824999999999946,-79.16500000000008,3,"8127 Finch Avenue East, Toronto ON",https://www.walkscore.com/score/loc/lat=43.825000/lng=-79.165000
43.824999999999946,-79.09500000000008,56,"1100 Begley Street, Pickering ON",https://www.walkscore.com/score/loc/lat=43.825000/lng=-79.095000
43.824999999999946,-79.13000000000008,46,"1816 Rosebank Road, Pickering ON",https://www.walkscore.com/score/loc/lat=43.825000/lng=-79.130000
43.824999999999946,-79.23500000000007,36,"8985 McNicoll Avenue, Toronto ON",https://www.walkscore.com/score/loc/lat=43.825000/lng=-79.235000
43.824999999999946,-79.06000000000009,43,Pickering ON,https://www.walkscore.com/score/loc/lat=43.825000/lng=-79.060000
43.824999999999946,-79.02500000000009,69,"34 Brooksbank Crescent, Ajax ON",https://www.walkscore.com/score/loc/lat=43.825000/lng=-79.025000
43.824999999999946,-78.9900000000001,6,Ajax ON,https://www.walkscore.com/score/loc/lat=43.825000/lng=-78.990000
43.85999999999994,-79.9,0,"16486 Saint Andrews Road, Caledon ON",https://www.walkscore.com/score/loc/lat=43.860000/lng=-79.900000
43.824999999999946,-78.9550000000001,0,Whitby ON,https://www.walkscore.com/score/loc/lat=43.825000/lng=-78.955000
43.824999999999946,-78.9200000000001,0,Whitby ON,https://www.walkscore.com/score/loc/lat=43.825000/lng=-78.920000
43.85999999999994,-79.83000000000001,0,"Innis Lake Road, Caledon ON",https://www.walkscore.com/score/loc/lat=43.860000/lng=-79.830000
43.85999999999994,-79.79500000000002,0,"14378 Centreville Creek Road, Caledon ON",https://www.walkscore.com/score/loc/lat=43.860000/lng=-79.795000
43.85999999999994,-79.86500000000001,23,"12 Summergate Court, Caledon ON",https://www.walkscore.com/score/loc/lat=43.860000/lng=-79.865000
43.85999999999994,-79.62000000000003,0,"24 Lacrosse Trail, Vaughan ON",https://www.walkscore.com/score/loc/lat=43.860000/lng=-79.620000
43.85999999999994,-79.76000000000002,0,"13534 Humber Station Road, Caledon ON",https://www.walkscore.com/score/loc/lat=43.860000/lng=-79.760000
43.85999999999994,-79.65500000000003,1,"6381 Kirby Road, Vaughan ON",https://www.walkscore.com/score/loc/lat=43.860000/lng=-79.655000
43.85999999999994,-79.69000000000003,1,"11621 Cold Creek Road, Vaughan ON",https://www.walkscore.com/score/loc/lat=43.860000/lng=-79.690000
43.85999999999994,-79.58500000000004,8,"4330 Teston Road, Vaughan ON",https://www.walkscore.com/score/loc/lat=43.860000/lng=-79.585000
43.85999999999994,-79.72500000000002,36,"5 Simpson Road, Caledon ON",https://www.walkscore.com/score/loc/lat=43.860000/lng=-79.725000
43.85999999999994,-79.51500000000004,54,"10190 Keele Street, Vaughan ON",https://www.walkscore.com/score/loc/lat=43.860000/lng=-79.515000
43.85999999999994,-79.55000000000004,38,"18 Windward Crescent, Vaughan ON",https://www.walkscore.com/score/loc/lat=43.860000/lng=-79.550000
43.85999999999994,-79.48000000000005,44,"564 Valley Vista Drive, Vaughan ON",https://www.walkscore.com/score/loc/lat=43.860000/lng=-79.480000
43.85999999999994,-79.44500000000005,44,Richmond Hill ON,https://www.walkscore.com/score/loc/lat=43.860000/lng=-79.445000
43.85999999999994,-79.34000000000006,81,"306 Town Centre Boulevard, Markham ON",https://www.walkscore.com/score/loc/lat=43.860000/lng=-79.340000
43.85999999999994,-79.30500000000006,85,Markham ON,https://www.walkscore.com/score/loc/lat=43.860000/lng=-79.305000
43.85999999999994,-79.41000000000005,70,Richmond Hill ON,https://www.walkscore.com/score/loc/lat=43.860000/lng=-79.410000
43.85999999999994,-79.37500000000006,48,"Wang Way, Richmond Hill ON",https://www.walkscore.com/score/loc/lat=43.860000/lng=-79.375000
43.85999999999994,-79.20000000000007,8,"7551 Reesor Road, Markham ON",https://www.walkscore.com/score/loc/lat=43.860000/lng=-79.200000
43.85999999999994,-79.16500000000008,0,"44-262 Taunton Road, Pickering ON",https://www.walkscore.com/score/loc/lat=43.860000/lng=-79.165000
43.85999999999994,-79.13000000000008,0,"2401-2653 Whites Road North, Pickering ON",https://www.walkscore.com/score/loc/lat=43.860000/lng=-79.130000
43.85999999999994,-79.27000000000007,6,Markham ON,https://www.walkscore.com/score/loc/lat=43.860000/lng=-79.270000
43.85999999999994,-79.23500000000007,40,Markham ON,https://www.walkscore.com/score/loc/lat=43.860000/lng=-79.235000
43.85999999999994,-79.06000000000009,65,Ajax ON,https://www.walkscore.com/score/loc/lat=43.860000/lng=-79.060000
43.85999999999994,-79.09500000000008,12,"2300 Valley Farm Road, Pickering ON",https://www.walkscore.com/score/loc/lat=43.860000/lng=-79.095000
43.85999999999994,-79.02500000000009,90,Ajax ON,https://www.walkscore.com/score/loc/lat=43.860000/lng=-79.025000
43.85999999999994,-78.9900000000001,4,"Highway of Heroes, Ajax ON",https://www.walkscore.com/score/loc/lat=43.860000/lng=-78.990000
43.85999999999994,-78.9200000000001,20,"201-295 South Blair Street, Whitby ON",https://www.walkscore.com/score/loc/lat=43.860000/lng=-78.920000
43.85999999999994,-78.9550000000001,36,"470 Jeffery Street, Whitby ON",https://www.walkscore.com/score/loc/lat=43.860000/lng=-78.955000
43.89499999999994,-79.9,15,"17280 Airport Road, Caledon ON",https://www.walkscore.com/score/loc/lat=43.895000/lng=-79.900000
43.89499999999994,-79.83000000000001,0,"15798 The Gore Road, Caledon ON",https://www.walkscore.com/score/loc/lat=43.895000/lng=-79.830000
43.89499999999994,-79.86500000000001,0,"16001-16999 Centreville Creek Road, Caledon ON",https://www.walkscore.com/score/loc/lat=43.895000/lng=-79.865000
43.89499999999994,-79.79500000000002,0,Caledon ON,https://www.walkscore.com/score/loc/lat=43.895000/lng=-79.795000
43.89499999999994,-79.69000000000003,0,"6752-7500 King Road, King ON",https://www.walkscore.com/score/loc/lat=43.895000/lng=-79.690000
43.89499999999994,-79.76000000000002,16,"14337 Peel Regional Road 50, Caledon ON",https://www.walkscore.com/score/loc/lat=43.895000/lng=-79.760000
43.89499999999994,-79.58500000000004,0,"3949-4363 King Vaughan Road, Vaughan ON",https://www.walkscore.com/score/loc/lat=43.895000/lng=-79.585000
43.89499999999994,-79.62000000000003,0,"12490 Mill Road, King ON",https://www.walkscore.com/score/loc/lat=43.895000/lng=-79.620000
43.89499999999994,-79.65500000000003,28,"33 Munsie Drive, King ON",https://www.walkscore.com/score/loc/lat=43.895000/lng=-79.655000
43.89499999999994,-79.72500000000002,0,Caledon ON,https://www.walkscore.com/score/loc/lat=43.895000/lng=-79.725000
43.89499999999994,-79.44500000000005,85,Richmond Hill ON,https://www.walkscore.com/score/loc/lat=43.895000/lng=-79.445000
43.89499999999994,-79.41000000000005,61,"1045 Elgin Mills Road East, Richmond Hill ON",https://www.walkscore.com/score/loc/lat=43.895000/lng=-79.410000
43.89499999999994,-79.48000000000005,15,"10 Marcus Court, Vaughan ON",https://www.walkscore.com/score/loc/lat=43.895000/lng=-79.480000
43.89499999999994,-79.51500000000004,27,"1862 Kirby Road, Vaughan ON",https://www.walkscore.com/score/loc/lat=43.895000/lng=-79.515000
43.89499999999994,-79.55000000000004,6,"11600-11950 Jane Street, Vaughan ON",https://www.walkscore.com/score/loc/lat=43.895000/lng=-79.550000
43.89499999999994,-79.37500000000006,41,"47 Anthony Roman Avenue, Markham ON",https://www.walkscore.com/score/loc/lat=43.895000/lng=-79.375000
43.89499999999994,-79.23500000000007,52,Markham ON,https://www.walkscore.com/score/loc/lat=43.895000/lng=-79.235000
43.89499999999994,-79.34000000000006,12,"3970 Major Mackenzie Drive East, Markham ON",https://www.walkscore.com/score/loc/lat=43.895000/lng=-79.340000
43.89499999999994,-79.27000000000007,71,"161 Edward Jeffreys Avenue, Markham ON",https://www.walkscore.com/score/loc/lat=43.895000/lng=-79.270000
43.89499999999994,-79.16500000000008,3,"Seaton Hiking Trail, Pickering ON",https://www.walkscore.com/score/loc/lat=43.895000/lng=-79.165000
43.89499999999994,-79.30500000000006,20,"79-91 Glenbrook Dr, Markham ON",https://www.walkscore.com/score/loc/lat=43.895000/lng=-79.305000
43.89499999999994,-79.20000000000007,0,"Ontario 7, Markham ON",https://www.walkscore.com/score/loc/lat=43.895000/lng=-79.200000
43.89499999999994,-79.09500000000008,1,Pickering ON,https://www.walkscore.com/score/loc/lat=43.895000/lng=-79.095000
43.89499999999994,-78.9900000000001,0,Whitby ON,https://www.walkscore.com/score/loc/lat=43.895000/lng=-78.990000
43.89499999999994,-78.9550000000001,43,Whitby ON,https://www.walkscore.com/score/loc/lat=43.895000/lng=-78.955000
43.89499999999994,-79.13000000000008,6,"901-1097 Whitevale Road, Pickering ON",https://www.walkscore.com/score/loc/lat=43.895000/lng=-79.130000
43.89499999999994,-79.06000000000009,19,"Bird Walk Trail, Ajax ON",https://www.walkscore.com/score/loc/lat=43.895000/lng=-79.060000
43.89499999999994,-78.9200000000001,54,"50 Winter Court, Whitby ON",https://www.walkscore.com/score/loc/lat=43.895000/lng=-78.920000
43.89499999999994,-79.02500000000009,57,"12 Oswell Drive, Ajax ON",https://www.walkscore.com/score/loc/lat=43.895000/lng=-79.025000
43.929999999999936,-79.9,0,Caledon ON,https://www.walkscore.com/score/loc/lat=43.930000/lng=-79.900000
43.929999999999936,-79.83000000000001,3,"Duffy's Lane, Caledon ON",https://www.walkscore.com/score/loc/lat=43.930000/lng=-79.830000
43.929999999999936,-79.86500000000001,0,Caledon ON,https://www.walkscore.com/score/loc/lat=43.930000/lng=-79.865000
43.929999999999936,-79.76000000000002,3,"15142 Mount Pleasant Road, Caledon ON",https://www.walkscore.com/score/loc/lat=43.930000/lng=-79.760000
43.929999999999936,-79.79500000000002,3,"34 Cedar Allan Place, Caledon ON",https://www.walkscore.com/score/loc/lat=43.930000/lng=-79.795000
43.929999999999936,-79.72500000000002,0,"7680-8020 16th Sideroad, King ON",https://www.walkscore.com/score/loc/lat=43.930000/lng=-79.725000
43.929999999999936,-79.69000000000003,0,"7185 16th Sideroad, King ON",https://www.walkscore.com/score/loc/lat=43.930000/lng=-79.690000
43.929999999999936,-79.65500000000003,0,"13751-14139 Highway 27, King ON",https://www.walkscore.com/score/loc/lat=43.930000/lng=-79.655000
43.929999999999936,-79.58500000000004,0,"13500 Weston Road, King ON",https://www.walkscore.com/score/loc/lat=43.930000/lng=-79.585000
43.929999999999936,-79.51500000000004,40,"34 Cadden Court, King ON",https://www.walkscore.com/score/loc/lat=43.930000/lng=-79.515000
43.929999999999936,-79.62000000000003,0,"4840 15th Sideroad, King ON",https://www.walkscore.com/score/loc/lat=43.930000/lng=-79.620000
43.929999999999936,-79.55000000000004,0,"13245 Jane Street, King ON",https://www.walkscore.com/score/loc/lat=43.930000/lng=-79.550000
43.929999999999936,-79.44500000000005,7,"Oak Ridges Trail, Richmond Hill ON",https://www.walkscore.com/score/loc/lat=43.930000/lng=-79.445000
43.929999999999936,-79.48000000000005,21,"12820 Bathurst Street, King ON",https://www.walkscore.com/score/loc/lat=43.930000/lng=-79.480000
43.929999999999936,-79.37500000000006,1,"11723 Woodbine Avenue, Whitchurch-Stouffville ON",https://www.walkscore.com/score/loc/lat=43.930000/lng=-79.375000
43.929999999999936,-79.41000000000005,0,"50 Ridgewood Drive, Richmond Hill ON",https://www.walkscore.com/score/loc/lat=43.930000/lng=-79.410000
43.929999999999936,-79.34000000000006,9,"4159 19th Avenue, Markham ON",https://www.walkscore.com/score/loc/lat=43.930000/lng=-79.340000
43.929999999999936,-79.27000000000007,0,"10843 Ontario 48, Markham ON",https://www.walkscore.com/score/loc/lat=43.930000/lng=-79.270000
43.929999999999936,-79.23500000000007,0,"7129 Elgin Mills Road East, Markham ON",https://www.walkscore.com/score/loc/lat=43.930000/lng=-79.235000
43.929999999999936,-79.30500000000006,0,"11264-11304 McCowan Road, Markham ON",https://www.walkscore.com/score/loc/lat=43.930000/lng=-79.305000
43.929999999999936,-79.20000000000007,0,"4326 York Regional Road 30, Pickering ON",https://www.walkscore.com/score/loc/lat=43.930000/lng=-79.200000
43.929999999999936,-79.16500000000008,0,"4070 Sideline 28, Pickering ON",https://www.walkscore.com/score/loc/lat=43.930000/lng=-79.165000
43.929999999999936,-79.09500000000008,0,Pickering ON,https://www.walkscore.com/score/loc/lat=43.930000/lng=-79.095000
43.929999999999936,-79.13000000000008,0,"3870 22 Sideline, Pickering ON",https://www.walkscore.com/score/loc/lat=43.930000/lng=-79.130000
43.929999999999936,-79.06000000000009,10,"2595 Concession Road 6, Pickering ON",https://www.walkscore.com/score/loc/lat=43.930000/lng=-79.060000
43.929999999999936,-79.02500000000009,4,"3296-3600 Audley Road, Pickering ON",https://www.walkscore.com/score/loc/lat=43.930000/lng=-79.025000
43.929999999999936,-78.9900000000001,0,"29 Shepherd Road, Whitby ON",https://www.walkscore.com/score/loc/lat=43.930000/lng=-78.990000
43.929999999999936,-78.9550000000001,8,"4720 Garden Street, Whitby ON",https://www.walkscore.com/score/loc/lat=43.930000/lng=-78.955000
43.96499999999993,-79.83000000000001,5,"64 Rowley Drive, Caledon ON",https://www.walkscore.com/score/loc/lat=43.965000/lng=-79.830000
43.929999999999936,-78.9200000000001,19,"4001-4541 Garrard Road, Whitby ON",https://www.walkscore.com/score/loc/lat=43.930000/lng=-78.920000
43.96499999999993,-79.9,0,"10170 Ontario 9, Adjala-Tosorontio ON",https://www.walkscore.com/score/loc/lat=43.965000/lng=-79.900000
43.96499999999993,-79.79500000000002,0,Caledon ON,https://www.walkscore.com/score/loc/lat=43.965000/lng=-79.795000
43.96499999999993,-79.76000000000002,0,"11037 Halls Lake Side Road, Caledon ON",https://www.walkscore.com/score/loc/lat=43.965000/lng=-79.760000
43.96499999999993,-79.72500000000002,0,"7700 18th Side Road, King ON",https://www.walkscore.com/score/loc/lat=43.965000/lng=-79.725000
43.96499999999993,-79.65500000000003,0,King ON,https://www.walkscore.com/score/loc/lat=43.965000/lng=-79.655000
43.96499999999993,-79.69000000000003,0,King ON,https://www.walkscore.com/score/loc/lat=43.965000/lng=-79.690000
43.96499999999993,-79.58500000000004,0,"75 Burrows Road, King ON",https://www.walkscore.com/score/loc/lat=43.965000/lng=-79.585000
43.96499999999993,-79.44500000000005,30,"36 Worthington Avenue, Richmond Hill ON",https://www.walkscore.com/score/loc/lat=43.965000/lng=-79.445000
43.96499999999993,-79.48000000000005,14,Aurora ON,https://www.walkscore.com/score/loc/lat=43.965000/lng=-79.480000
43.96499999999993,-79.51500000000004,0,"14200-14412 Dufferin Street, King ON",https://www.walkscore.com/score/loc/lat=43.965000/lng=-79.515000
43.96499999999993,-79.55000000000004,0,"2550 16th Sideroad, King ON",https://www.walkscore.com/score/loc/lat=43.965000/lng=-79.550000
43.96499999999993,-79.37500000000006,7,"25 Sherrick Drive, Whitchurch-Stouffville ON",https://www.walkscore.com/score/loc/lat=43.965000/lng=-79.375000
43.96499999999993,-79.41000000000005,7,"13400 Leslie Street, Richmond Hill ON",https://www.walkscore.com/score/loc/lat=43.965000/lng=-79.410000
43.96499999999993,-79.34000000000006,0,"12780 Kennedy Road, Whitchurch-Stouffville ON",https://www.walkscore.com/score/loc/lat=43.965000/lng=-79.340000
43.96499999999993,-79.30500000000006,6,"12475 York Regional Road 67, Whitchurch-Stouffville ON",https://www.walkscore.com/score/loc/lat=43.965000/lng=-79.305000
43.96499999999993,-79.27000000000007,65,"28 Sandiford Drive, Whitchurch-Stouffville ON",https://www.walkscore.com/score/loc/lat=43.965000/lng=-79.270000
43.96499999999993,-79.23500000000007,42,Whitchurch-Stouffville ON,https://www.walkscore.com/score/loc/lat=43.965000/lng=-79.235000
43.96499999999993,-79.16500000000008,0,"996 Durham Regional Road 5, Pickering ON",https://www.walkscore.com/score/loc/lat=43.965000/lng=-79.165000
43.96499999999993,-79.20000000000007,0,"5227 Sideline 32, Pickering ON",https://www.walkscore.com/score/loc/lat=43.965000/lng=-79.200000
43.96499999999993,-79.13000000000008,14,"4840 Old Brock Road, Pickering ON",https://www.walkscore.com/score/loc/lat=43.965000/lng=-79.130000
43.96499999999993,-79.09500000000008,1,"4501-4659 Sideline 12, Pickering ON",https://www.walkscore.com/score/loc/lat=43.965000/lng=-79.095000
43.96499999999993,-79.06000000000009,0,"4270 Salem Road, Pickering ON",https://www.walkscore.com/score/loc/lat=43.965000/lng=-79.060000
43.96499999999993,-78.9550000000001,55,"62 Carson Avenue, Whitby ON",https://www.walkscore.com/score/loc/lat=43.965000/lng=-78.955000
43.96499999999993,-79.02500000000009,0,"7147-7999 Lake Ridge Road, Whitby ON",https://www.walkscore.com/score/loc/lat=43.965000/lng=-79.025000
43.96499999999993,-78.9900000000001,2,"7081 Cochrane Street, Whitby ON",https://www.walkscore.com/score/loc/lat=43.965000/lng=-78.990000
43.96499999999993,-78.9200000000001,3,"399 Winchester Road West, Oshawa ON",https://www.walkscore.com/score/loc/lat=43.965000/lng=-78.920000
43.99999999999993,-79.9,0,"Unnamed Road, Adjala-Tosorontio ON",https://www.walkscore.com/score/loc/lat=44.000000/lng=-79.900000
43.99999999999993,-79.83000000000001,2,"7158 3rd Line, New Tecumseth ON",https://www.walkscore.com/score/loc/lat=44.000000/lng=-79.830000
43.99999999999993,-79.86500000000001,0,"7801 Adjala 5 Sideroad, Adjala-Tosorontio ON",https://www.walkscore.com/score/loc/lat=44.000000/lng=-79.865000
43.99999999999993,-79.79500000000002,2,"6118-6566 2 Line, New Tecumseth ON",https://www.walkscore.com/score/loc/lat=44.000000/lng=-79.795000
43.99999999999993,-79.72500000000002,1,"7256 Ontario 9, King ON",https://www.walkscore.com/score/loc/lat=44.000000/lng=-79.725000
43.99999999999993,-79.76000000000002,1,"1113 10th Side Road, New Tecumseth ON",https://www.walkscore.com/score/loc/lat=44.000000/lng=-79.760000
43.99999999999993,-79.58500000000004,5,"3200 Lloydtown-Aurora Road, King ON",https://www.walkscore.com/score/loc/lat=44.000000/lng=-79.585000
43.99999999999993,-79.69000000000003,38,"28 Elmwood Avenue, King ON",https://www.walkscore.com/score/loc/lat=44.000000/lng=-79.690000
43.99999999999993,-79.65500000000003,0,"5250-5650 Lloydtown-Aurora Road, King ON",https://www.walkscore.com/score/loc/lat=44.000000/lng=-79.655000
43.99999999999993,-79.62000000000003,1,"19th Sideroad, King ON",https://www.walkscore.com/score/loc/lat=44.000000/lng=-79.620000
43.99999999999993,-79.55000000000004,0,"2345 Lloydtown-Aurora Road, King ON",https://www.walkscore.com/score/loc/lat=44.000000/lng=-79.550000
43.99999999999993,-79.48000000000005,52,"14 Navan Crescent, Aurora ON",https://www.walkscore.com/score/loc/lat=44.000000/lng=-79.480000
43.99999999999993,-79.51500000000004,8,"70 Country Club Drive, King ON",https://www.walkscore.com/score/loc/lat=44.000000/lng=-79.515000
43.99999999999993,-79.44500000000005,54,"61 Stone Road, Aurora ON",https://www.walkscore.com/score/loc/lat=44.000000/lng=-79.445000
43.99999999999993,-79.41000000000005,2,"14773 Leslie Street, Aurora ON",https://www.walkscore.com/score/loc/lat=44.000000/lng=-79.410000
43.99999999999993,-79.30500000000006,0,"4778 Bloomington Road, Whitchurch-Stouffville ON",https://www.walkscore.com/score/loc/lat=44.000000/lng=-79.305000
43.99999999999993,-79.37500000000006,1,"2251-2999 Vandorf Side Road, Whitchurch-Stouffville ON",https://www.walkscore.com/score/loc/lat=44.000000/lng=-79.375000
43.99999999999993,-79.27000000000007,1,"5783 Bloomington Road, Whitchurch-Stouffville ON",https://www.walkscore.com/score/loc/lat=44.000000/lng=-79.270000
43.99999999999993,-79.34000000000006,0,"Kennedy Road, Whitchurch-Stouffville ON",https://www.walkscore.com/score/loc/lat=44.000000/lng=-79.340000
43.99999999999993,-79.23500000000007,6,"13245 Tenth Line, Whitchurch-Stouffville ON",https://www.walkscore.com/score/loc/lat=44.000000/lng=-79.235000
43.99999999999993,-79.13000000000008,5,"1324-1560 Brock Road, Uxbridge ON",https://www.walkscore.com/score/loc/lat=44.000000/lng=-79.130000
43.99999999999993,-79.20000000000007,4,Uxbridge ON,https://www.walkscore.com/score/loc/lat=44.000000/lng=-79.200000
43.99999999999993,-79.06000000000009,0,"Unnamed Road, Pickering ON",https://www.walkscore.com/score/loc/lat=44.000000/lng=-79.060000
43.99999999999993,-79.09500000000008,0,"Unnamed Road, Pickering ON",https://www.walkscore.com/score/loc/lat=44.000000/lng=-79.095000
43.99999999999993,-79.02500000000009,0,"1186 Myrtle Road West, Whitby ON",https://www.walkscore.com/score/loc/lat=44.000000/lng=-79.025000
43.99999999999993,-79.16500000000008,1,Uxbridge ON,https://www.walkscore.com/score/loc/lat=44.000000/lng=-79.165000
43.99999999999993,-78.9900000000001,12,"19 Highfield Drive, Whitby ON",https://www.walkscore.com/score/loc/lat=44.000000/lng=-78.990000
43.99999999999993,-78.9550000000001,3,"285 Hamers Road, Whitby ON",https://www.walkscore.com/score/loc/lat=44.000000/lng=-78.955000
43.99999999999993,-78.9200000000001,1,Oshawa ON,https://www.walkscore.com/score/loc/lat=44.000000/lng=-78.920000
44.034999999999926,-79.83000000000001,0,"6846-6876 5th Line, New Tecumseth ON",https://www.walkscore.com/score/loc/lat=44.035000/lng=-79.830000
44.034999999999926,-79.76000000000002,0,"5862 4th Line, New Tecumseth ON",https://www.walkscore.com/score/loc/lat=44.035000/lng=-79.760000
44.034999999999926,-79.72500000000002,0,"1764 15th Sideroad, New Tecumseth ON",https://www.walkscore.com/score/loc/lat=44.035000/lng=-79.725000
44.034999999999926,-79.86500000000001,0,Adjala-Tosorontio ON,https://www.walkscore.com/score/loc/lat=44.035000/lng=-79.865000
44.034999999999926,-79.79500000000002,3,"6474 5th Line, New Tecumseth ON",https://www.walkscore.com/score/loc/lat=44.035000/lng=-79.795000
44.034999999999926,-79.9,0,"2285 Concession Road 5, Adjala-Tosorontio ON",https://www.walkscore.com/score/loc/lat=44.035000/lng=-79.900000
44.034999999999926,-79.65500000000003,0,"20 Mandalane Drive, Bradford West Gwillimbury ON",https://www.walkscore.com/score/loc/lat=44.035000/lng=-79.655000
44.034999999999926,-79.62000000000003,0,"23 Hillsview Road, Bradford West Gwillimbury ON",https://www.walkscore.com/score/loc/lat=44.035000/lng=-79.620000
44.034999999999926,-79.69000000000003,0,"4768 3rd Line, New Tecumseth ON",https://www.walkscore.com/score/loc/lat=44.035000/lng=-79.690000
44.034999999999926,-79.55000000000004,0,"17323 Keele Street, King ON",https://www.walkscore.com/score/loc/lat=44.035000/lng=-79.550000
44.034999999999926,-79.51500000000004,3,"585 Brickell Place, King ON",https://www.walkscore.com/score/loc/lat=44.035000/lng=-79.515000
44.034999999999926,-79.58500000000004,0,"17700 Jane Street, King ON",https://www.walkscore.com/score/loc/lat=44.035000/lng=-79.585000
44.034999999999926,-79.44500000000005,50,"715 Stonehaven Avenue, Newmarket ON",https://www.walkscore.com/score/loc/lat=44.035000/lng=-79.445000
44.034999999999926,-79.48000000000005,74,"160 Jordanray Boulevard, Newmarket ON",https://www.walkscore.com/score/loc/lat=44.035000/lng=-79.480000
44.034999999999926,-79.41000000000005,0,"Ontario 404, Whitchurch-Stouffville ON",https://www.walkscore.com/score/loc/lat=44.035000/lng=-79.410000
44.034999999999926,-79.34000000000006,1,"9 Greenvalley Circle, Whitchurch-Stouffville ON",https://www.walkscore.com/score/loc/lat=44.035000/lng=-79.340000
44.034999999999926,-79.30500000000006,16,"4987 Aurora Road, Whitchurch-Stouffville ON",https://www.walkscore.com/score/loc/lat=44.035000/lng=-79.305000
44.034999999999926,-79.37500000000006,1,"15822-15980 Warden Avenue, Whitchurch-Stouffville ON",https://www.walkscore.com/score/loc/lat=44.035000/lng=-79.375000
44.034999999999926,-79.20000000000007,18,"279 Regional Highway 47, Uxbridge ON",https://www.walkscore.com/score/loc/lat=44.035000/lng=-79.200000
44.034999999999926,-79.27000000000007,13,"15139 Ninth Line, Whitchurch-Stouffville ON",https://www.walkscore.com/score/loc/lat=44.035000/lng=-79.270000
44.034999999999926,-79.23500000000007,0,"Unnamed Road, Uxbridge ON",https://www.walkscore.com/score/loc/lat=44.035000/lng=-79.235000
44.034999999999926,-79.06000000000009,0,"2440 Durham Regional Road 23, Uxbridge ON",https://www.walkscore.com/score/loc/lat=44.035000/lng=-79.060000
44.034999999999926,-79.16500000000008,0,Uxbridge ON,https://www.walkscore.com/score/loc/lat=44.035000/lng=-79.165000
44.034999999999926,-78.9900000000001,3,"846 Scugog Line 2, Scugog ON",https://www.walkscore.com/score/loc/lat=44.035000/lng=-78.990000
44.034999999999926,-79.13000000000008,0,Uxbridge ON,https://www.walkscore.com/score/loc/lat=44.035000/lng=-79.130000
44.034999999999926,-79.09500000000008,0,"Walker Woods, Uxbridge ON",https://www.walkscore.com/score/loc/lat=44.035000/lng=-79.095000
44.034999999999926,-78.9200000000001,0,"5143-5299 Simcoe Street North, Oshawa ON",https://www.walkscore.com/score/loc/lat=44.035000/lng=-78.920000
44.034999999999926,-78.9550000000001,0,Scugog ON,https://www.walkscore.com/score/loc/lat=44.035000/lng=-78.955000
44.034999999999926,-79.02500000000009,7,"440 Middle March Road, Scugog ON",https://www.walkscore.com/score/loc/lat=44.035000/lng=-79.025000
44.06999999999992,-79.83000000000001,0,"6866 8 Line, New Tecumseth ON",https://www.walkscore.com/score/loc/lat=44.070000/lng=-79.830000
44.06999999999992,-79.86500000000001,0,"3134 Concession Road 8, Adjala-Tosorontio ON",https://www.walkscore.com/score/loc/lat=44.070000/lng=-79.865000
44.06999999999992,-79.79500000000002,1,"6386 7th Line, New Tecumseth ON",https://www.walkscore.com/score/loc/lat=44.070000/lng=-79.795000
44.06999999999992,-79.69000000000003,0,"4661-4717 Line 6, New Tecumseth ON",https://www.walkscore.com/score/loc/lat=44.070000/lng=-79.690000
44.06999999999992,-79.65500000000003,0,"4048 5th Line, Bradford West Gwillimbury ON",https://www.walkscore.com/score/loc/lat=44.070000/lng=-79.655000
44.06999999999992,-79.76000000000002,0,"5717 7th Line, New Tecumseth ON",https://www.walkscore.com/score/loc/lat=44.070000/lng=-79.760000
44.06999999999992,-79.72500000000002,0,"Line 6, New Tecumseth ON",https://www.walkscore.com/score/loc/lat=44.070000/lng=-79.725000
44.06999999999992,-79.58500000000004,0,"1-103 Tornado Drive, Bradford West Gwillimbury ON",https://www.walkscore.com/score/loc/lat=44.070000/lng=-79.585000
44.06999999999992,-79.62000000000003,5,"1995-2085 Coffey Road, Bradford West Gwillimbury ON",https://www.walkscore.com/score/loc/lat=44.070000/lng=-79.620000
44.06999999999992,-79.55000000000004,0,"325 King Street, King ON",https://www.walkscore.com/score/loc/lat=44.070000/lng=-79.550000
44.06999999999992,-79.9,0,Adjala-Tosorontio ON,https://www.walkscore.com/score/loc/lat=44.070000/lng=-79.900000
44.06999999999992,-79.51500000000004,0,"18252-18552 Bathurst Street, King ON",https://www.walkscore.com/score/loc/lat=44.070000/lng=-79.515000
44.06999999999992,-79.48000000000005,82,"75 Doris Crescent, Newmarket ON",https://www.walkscore.com/score/loc/lat=44.070000/lng=-79.480000
44.06999999999992,-79.41000000000005,13,"2220 Davis Drive, Whitchurch-Stouffville ON",https://www.walkscore.com/score/loc/lat=44.070000/lng=-79.410000
44.06999999999992,-79.44500000000005,51,"160 Huron Heights Drive, Newmarket ON",https://www.walkscore.com/score/loc/lat=44.070000/lng=-79.445000
44.06999999999992,-79.37500000000006,0,"16752-17500 Warden Avenue, Whitchurch-Stouffville ON",https://www.walkscore.com/score/loc/lat=44.070000/lng=-79.375000
44.06999999999992,-79.30500000000006,0,"16551 Ontario 48, Whitchurch-Stouffville ON",https://www.walkscore.com/score/loc/lat=44.070000/lng=-79.305000
44.06999999999992,-79.27000000000007,0,"16342 York Durham Line, Whitchurch-Stouffville ON",https://www.walkscore.com/score/loc/lat=44.070000/lng=-79.270000
44.06999999999992,-79.13000000000008,5,"5060 Concession Road 6, Uxbridge ON",https://www.walkscore.com/score/loc/lat=44.070000/lng=-79.130000
44.06999999999992,-79.16500000000008,0,"5470 Durham 47, Uxbridge ON",https://www.walkscore.com/score/loc/lat=44.070000/lng=-79.165000
44.06999999999992,-79.20000000000007,0,Uxbridge ON,https://www.walkscore.com/score/loc/lat=44.070000/lng=-79.200000
44.06999999999992,-79.34000000000006,0,"4228 Vivian Road, Whitchurch-Stouffville ON",https://www.walkscore.com/score/loc/lat=44.070000/lng=-79.340000
44.06999999999992,-79.02500000000009,15,"631 Durham Regional Road 21, Scugog ON",https://www.walkscore.com/score/loc/lat=44.070000/lng=-79.025000
44.06999999999992,-79.09500000000008,0,"700-798 Reid Road, Uxbridge ON",https://www.walkscore.com/score/loc/lat=44.070000/lng=-79.095000
44.06999999999992,-79.06000000000009,0,Scugog ON,https://www.walkscore.com/score/loc/lat=44.070000/lng=-79.060000
44.06999999999992,-78.9550000000001,1,"1444 Scugog Line 4, Scugog ON",https://www.walkscore.com/score/loc/lat=44.070000/lng=-78.955000
44.06999999999992,-79.23500000000007,0,"6349-6527 Concession Road 2, Uxbridge ON",https://www.walkscore.com/score/loc/lat=44.070000/lng=-79.235000
44.06999999999992,-78.9900000000001,0,Scugog ON,https://www.walkscore.com/score/loc/lat=44.070000/lng=-78.990000
44.06999999999992,-78.9200000000001,0,Scugog ON,https://www.walkscore.com/score/loc/lat=44.070000/lng=-78.920000
